Date,Open,High,Low,Close,Adj Close,Volume,Year,Month,Day
2019-03-29,87.33,88.6,78.02,78.29,78.29,71485200,2019,3,29
2019-03-30,87.33,88.6,78.02,78.29,78.29,0,2019,3,30
2019-03-31,87.33,88.6,78.02,78.29,78.29,0,2019,3,31
2019-04-01,74.9,75.0,67.78,69.01,69.01,41799300,2019,4,1
2019-04-02,66.9,70.2,66.1,68.97,68.97,22483300,2019,4,2
2019-04-03,70.06,72.0,69.12,70.0,70.0,15648300,2019,4,3
2019-04-04,70.48,72.89,70.22,72.0,72.0,9229300,2019,4,4
2019-04-05,73.94,76.1,73.3,74.45,74.45,11200100,2019,4,5
2019-04-06,73.94,76.1,73.3,74.45,74.45,0,2019,4,6
2019-04-07,73.94,76.1,73.3,74.45,74.45,0,2019,4,7
2019-04-08,74.99,74.99,70.23,70.23,70.23,6599500,2019,4,8
2019-04-09,69.5,69.7,67.11,67.44,67.44,8223300,2019,4,9
2019-04-10,67.25,67.35,59.75,60.12,60.12,26392100,2019,4,10
2019-04-11,61.1,62.3,60.31,61.01,61.01,12405700,2019,4,11
2019-04-12,61.38,61.49,57.66,59.9,59.9,13787500,2019,4,12
2019-04-13,61.38,61.49,57.66,59.9,59.9,0,2019,4,13
2019-04-14,61.38,61.49,57.66,59.9,59.9,0,2019,4,14
2019-04-15,59.72,59.8,55.56,56.11,56.11,14345900,2019,4,15
2019-04-16,56.86,57.94,56.18,56.25,56.25,9965000,2019,4,16
2019-04-17,56.5,59.61,55.62,59.51,59.51,10768300,2019,4,17
2019-04-18,59.65,59.66,57.6,58.36,58.36,6869900,2019,4,18
2019-04-19,59.65,59.66,57.6,58.36,58.36,0,2019,4,19
2019-04-20,59.65,59.66,57.6,58.36,58.36,0,2019,4,20
2019-04-21,59.65,59.66,57.6,58.36,58.36,0,2019,4,21
2019-04-22,57.9,61.23,57.65,60.94,60.94,5265600,2019,4,22
2019-04-23,62.02,62.1,59.33,60.25,60.25,11975000,2019,4,23
2019-04-24,60.11,60.49,57.77,57.82,57.82,5158000,2019,4,24
2019-04-25,58.2,58.46,55.86,56.34,56.34,5097100,2019,4,25
2019-04-26,56.3,57.53,54.32,57.24,57.24,5981000,2019,4,26
2019-04-27,56.3,57.53,54.32,57.24,57.24,0,2019,4,27
2019-04-28,56.3,57.53,54.32,57.24,57.24,0,2019,4,28
2019-04-29,57.6,60.71,56.0,60.59,60.59,7231800,2019,4,29
2019-04-30,59.93,61.4,58.22,59.8,59.8,6072700,2019,4,30
2019-05-01,60.7,60.71,58.53,58.75,58.75,3443000,2019,5,1
2019-05-02,58.44,62.01,57.33,61.5,61.5,6634300,2019,5,2
2019-05-03,61.21,62.99,60.1,62.51,62.51,9393600,2019,5,3
2019-05-04,61.21,62.99,60.1,62.51,62.51,0,2019,5,4
2019-05-05,61.21,62.99,60.1,62.51,62.51,0,2019,5,5
2019-05-06,60.55,61.5,59.9,60.57,60.57,5184600,2019,5,6
2019-05-07,60.34,61.6,58.12,59.34,59.34,11591700,2019,5,7
2019-05-08,57.69,60.45,52.78,52.91,52.91,22640400,2019,5,8
2019-05-09,54.07,56.45,53.1,55.18,55.18,9603500,2019,5,9
2019-05-10,56.39,56.49,50.02,51.09,51.09,23111200,2019,5,10
2019-05-11,56.39,56.49,50.02,51.09,51.09,0,2019,5,11
2019-05-12,56.39,56.49,50.02,51.09,51.09,0,2019,5,12
2019-05-13,50.0,50.09,47.17,48.15,48.15,10007400,2019,5,13
2019-05-14,48.82,51.39,48.0,50.52,50.52,7007400,2019,5,14
2019-05-15,50.2,54.85,49.86,54.04,54.04,7909300,2019,5,15
2019-05-16,54.1,56.72,53.55,55.6,55.6,7101700,2019,5,16
2019-05-17,54.5,55.11,53.46,53.79,53.79,4326500,2019,5,17
2019-05-18,54.5,55.11,53.46,53.79,53.79,0,2019,5,18
2019-05-19,54.5,55.11,53.46,53.79,53.79,0,2019,5,19
2019-05-20,52.14,54.69,51.85,54.63,54.63,2710000,2019,5,20
2019-05-21,54.77,56.03,53.53,55.51,55.51,3490700,2019,5,21
2019-05-22,54.68,57.96,54.62,57.88,57.88,3913700,2019,5,22
2019-05-23,56.82,58.48,56.32,58.11,58.11,3649300,2019,5,23
2019-05-24,58.5,58.79,56.61,57.1,57.1,2412500,2019,5,24
2019-05-25,58.5,58.79,56.61,57.1,57.1,0,2019,5,25
2019-05-26,58.5,58.79,56.61,57.1,57.1,0,2019,5,26
2019-05-27,58.5,58.79,56.61,57.1,57.1,0,2019,5,27
2019-05-28,56.85,57.99,55.4,56.89,56.89,2836100,2019,5,28
2019-05-29,56.3,56.73,54.06,56.26,56.26,3166500,2019,5,29
2019-05-30,56.04,56.54,54.07,54.83,54.83,2558400,2019,5,30
2019-05-31,56.41,58.45,54.57,57.62,57.62,5123700,2019,5,31
2019-06-01,56.41,58.45,54.57,57.62,57.62,0,2019,6,1
2019-06-02,56.41,58.45,54.57,57.62,57.62,0,2019,6,2
2019-06-03,58.52,61.77,58.32,59.54,59.54,5549300,2019,6,3
2019-06-04,61.1,61.17,57.56,59.17,59.17,4093200,2019,6,4
2019-06-05,59.4,63.24,59.2,63.01,63.01,4834400,2019,6,5
2019-06-06,62.25,63.18,60.4,61.63,61.63,3844900,2019,6,6
2019-06-07,62.0,62.23,59.21,59.26,59.26,3881900,2019,6,7
2019-06-08,62.0,62.23,59.21,59.26,59.26,0,2019,6,8
2019-06-09,62.0,62.23,59.21,59.26,59.26,0,2019,6,9
2019-06-10,59.45,60.58,56.7,56.76,56.76,2677300,2019,6,10
2019-06-11,59.08,59.25,56.31,58.07,58.07,2719400,2019,6,11
2019-06-12,57.18,58.87,57.05,58.41,58.41,1534500,2019,6,12
2019-06-13,59.48,61.35,58.75,61.21,61.21,2681500,2019,6,13
2019-06-14,61.0,61.39,59.97,60.96,60.96,1955800,2019,6,14
2019-06-15,61.0,61.39,59.97,60.96,60.96,0,2019,6,15
2019-06-16,61.0,61.39,59.97,60.96,60.96,0,2019,6,16
2019-06-17,60.48,64.14,60.32,63.6,63.6,4386200,2019,6,17
2019-06-18,63.7,64.76,61.61,64.4,64.4,4670200,2019,6,18
2019-06-19,64.5,65.07,63.15,63.55,63.55,3014600,2019,6,19
2019-06-20,64.0,64.21,62.11,62.84,62.84,2323500,2019,6,20
2019-06-21,62.8,64.3,62.52,64.26,64.26,3921700,2019,6,21
2019-06-22,62.8,64.3,62.52,64.26,64.26,0,2019,6,22
2019-06-23,62.8,64.3,62.52,64.26,64.26,0,2019,6,23
2019-06-24,64.0,64.27,62.86,63.76,63.76,2282000,2019,6,24
2019-06-25,63.76,64.27,62.66,64.04,64.04,2060300,2019,6,25
2019-06-26,64.32,64.64,62.77,62.97,62.97,1913500,2019,6,26
2019-06-27,63.52,65.36,63.14,65.27,65.27,3734500,2019,6,27
2019-06-28,65.2,66.64,64.44,65.71,65.71,6317400,2019,6,28
2019-06-29,65.2,66.64,64.44,65.71,65.71,0,2019,6,29
2019-06-30,65.2,66.64,64.44,65.71,65.71,0,2019,6,30
2019-07-01,66.0,66.1,61.5,62.0,62.0,4446100,2019,7,1
2019-07-02,62.89,62.9,60.25,60.35,60.35,3037500,2019,7,2
2019-07-03,60.64,61.2,60.38,60.6,60.6,1246900,2019,7,3
2019-07-04,60.64,61.2,60.38,60.6,60.6,0,2019,7,4
2019-07-05,60.71,60.88,58.75,59.39,59.39,3331800,2019,7,5
2019-07-06,60.71,60.88,58.75,59.39,59.39,0,2019,7,6
2019-07-07,60.71,60.88,58.75,59.39,59.39,0,2019,7,7
2019-07-08,59.31,60.09,58.5,59.79,59.79,2792300,2019,7,8
2019-07-09,59.79,62.12,59.78,61.83,61.83,3091200,2019,7,9
2019-07-10,62.28,62.74,61.43,62.3,62.3,2337800,2019,7,10
2019-07-11,62.31,62.66,61.11,61.85,61.85,1923200,2019,7,11
2019-07-12,61.85,64.6,60.62,64.25,64.25,5665200,2019,7,12
2019-07-13,61.85,64.6,60.62,64.25,64.25,0,2019,7,13
2019-07-14,61.85,64.6,60.62,64.25,64.25,0,2019,7,14
2019-07-15,64.39,64.99,63.82,64.79,64.79,1921800,2019,7,15
2019-07-16,64.33,65.46,64.15,64.8,64.8,1806900,2019,7,16
2019-07-17,64.5,65.26,63.33,65.17,65.17,1597100,2019,7,17
2019-07-18,65.0,66.13,64.57,66.0,66.0,1894200,2019,7,18
2019-07-19,66.22,68.33,66.15,67.45,67.45,3734900,2019,7,19
2019-07-20,66.22,68.33,66.15,67.45,67.45,0,2019,7,20
2019-07-21,66.22,68.33,66.15,67.45,67.45,0,2019,7,21
2019-07-22,67.22,67.39,65.73,66.0,66.0,1915300,2019,7,22
2019-07-23,66.25,66.49,64.83,64.93,64.93,1492400,2019,7,23
2019-07-24,64.93,65.78,64.49,65.23,65.23,1427500,2019,7,24
2019-07-25,65.53,65.63,64.63,65.01,65.01,1047000,2019,7,25
2019-07-26,65.23,66.7,65.23,65.52,65.52,1911000,2019,7,26
2019-07-27,65.23,66.7,65.23,65.52,65.52,0,2019,7,27
2019-07-28,65.23,66.7,65.23,65.52,65.52,0,2019,7,28
2019-07-29,65.74,65.99,62.94,64.03,64.03,2179200,2019,7,29
2019-07-30,63.8,63.94,61.68,62.46,62.46,2619200,2019,7,30
2019-07-31,62.51,62.83,60.37,60.87,60.87,2230400,2019,7,31
2019-08-01,60.61,61.31,59.59,59.77,59.77,2278400,2019,8,1
2019-08-02,59.5,59.6,57.14,58.61,58.61,2253300,2019,8,2
2019-08-03,59.5,59.6,57.14,58.61,58.61,0,2019,8,3
2019-08-04,59.5,59.6,57.14,58.61,58.61,0,2019,8,4
2019-08-05,57.44,59.69,56.3,59.51,59.51,2487200,2019,8,5
2019-08-06,59.79,60.8,57.16,58.7,58.7,2849700,2019,8,6
2019-08-07,58.0,61.44,57.66,60.29,60.29,8786600,2019,8,7
2019-08-08,65.5,65.92,61.5,62.1,62.1,13257200,2019,8,8
2019-08-09,61.69,61.95,58.12,59.12,59.12,8687400,2019,8,9
2019-08-10,61.69,61.95,58.12,59.12,59.12,0,2019,8,10
2019-08-11,61.69,61.95,58.12,59.12,59.12,0,2019,8,11
2019-08-12,58.51,58.6,55.71,56.18,56.18,5457100,2019,8,12
2019-08-13,56.0,58.49,54.39,58.08,58.08,4367100,2019,8,13
2019-08-14,56.52,57.23,53.66,54.49,54.49,4097000,2019,8,14
2019-08-15,54.99,54.99,52.07,52.8,52.8,5202900,2019,8,15
2019-08-16,53.02,53.76,52.15,52.47,52.47,6013500,2019,8,16
2019-08-17,53.02,53.76,52.15,52.47,52.47,0,2019,8,17
2019-08-18,53.02,53.76,52.15,52.47,52.47,0,2019,8,18
2019-08-19,51.6,53.55,50.51,51.68,51.68,26211300,2019,8,19
2019-08-20,51.47,54.42,51.11,53.65,53.65,11093600,2019,8,20
2019-08-21,53.81,54.69,52.86,54.15,54.15,6535700,2019,8,21
2019-08-22,53.54,54.33,51.28,51.36,51.36,6492100,2019,8,22
2019-08-23,51.36,51.56,48.22,49.11,49.11,9548600,2019,8,23
2019-08-24,51.36,51.56,48.22,49.11,49.11,0,2019,8,24
2019-08-25,51.36,51.56,48.22,49.11,49.11,0,2019,8,25
2019-08-26,50.2,51.5,49.72,51.21,51.21,7189600,2019,8,26
2019-08-27,51.24,51.3,48.72,49.61,49.61,6308100,2019,8,27
2019-08-28,49.31,49.48,48.22,48.84,48.84,4792300,2019,8,28
2019-08-29,49.35,50.2,48.64,49.73,49.73,5729600,2019,8,29
2019-08-30,49.86,49.94,47.87,48.97,48.97,5593700,2019,8,30
2019-08-31,49.86,49.94,47.87,48.97,48.97,0,2019,8,31
2019-09-01,49.86,49.94,47.87,48.97,48.97,0,2019,9,1
2019-09-02,49.86,49.94,47.87,48.97,48.97,0,2019,9,2
2019-09-03,48.23,48.95,45.4,45.42,45.42,9135200,2019,9,3
2019-09-04,45.7,46.8,44.75,46.35,46.35,8567100,2019,9,4
2019-09-05,47.7,47.81,46.06,46.4,46.4,8452200,2019,9,5
2019-09-06,46.65,46.65,44.12,44.5,44.5,9667700,2019,9,6
2019-09-07,46.65,46.65,44.12,44.5,44.5,0,2019,9,7
2019-09-08,46.65,46.65,44.12,44.5,44.5,0,2019,9,8
2019-09-09,44.51,45.16,44.01,44.38,44.38,11125300,2019,9,9
2019-09-10,44.05,46.04,43.41,45.45,45.45,7963900,2019,9,10
2019-09-11,45.25,49.15,45.1,46.53,46.53,13488800,2019,9,11
2019-09-12,46.72,47.46,46.0,46.99,46.99,5028600,2019,9,12
2019-09-13,46.89,46.99,46.01,46.1,46.1,4094100,2019,9,13
2019-09-14,46.89,46.99,46.01,46.1,46.1,0,2019,9,14
2019-09-15,46.89,46.99,46.01,46.1,46.1,0,2019,9,15
2019-09-16,46.63,49.0,46.55,47.79,47.79,8634800,2019,9,16
2019-09-17,48.31,48.42,46.82,48.06,48.06,4336500,2019,9,17
2019-09-18,47.75,47.87,45.83,46.62,46.62,8006500,2019,9,18
2019-09-19,46.83,48.38,46.63,47.28,47.28,7964200,2019,9,19
2019-09-20,47.45,47.5,45.91,46.43,46.43,15210500,2019,9,20
2019-09-21,47.45,47.5,45.91,46.43,46.43,0,2019,9,21
2019-09-22,47.45,47.5,45.91,46.43,46.43,0,2019,9,22
2019-09-23,46.31,46.63,45.0,45.31,45.31,6581900,2019,9,23
2019-09-24,45.25,45.32,41.7,41.88,41.88,9873800,2019,9,24
2019-09-25,41.97,42.03,40.31,41.78,41.78,9831400,2019,9,25
2019-09-26,41.67,42.14,40.67,41.9,41.9,5504000,2019,9,26
2019-09-27,42.89,42.9,40.86,41.35,41.35,6425000,2019,9,27
2019-09-28,42.89,42.9,40.86,41.35,41.35,0,2019,9,28
2019-09-29,42.89,42.9,40.86,41.35,41.35,0,2019,9,29
2019-09-30,41.41,41.59,40.56,40.84,40.84,3910300,2019,9,30
2019-10-01,40.82,40.96,38.68,39.57,39.57,8109700,2019,10,1
2019-10-02,38.63,39.31,37.92,38.39,38.39,7859300,2019,10,2
2019-10-03,38.44,39.66,38.01,39.52,39.52,5126400,2019,10,3
2019-10-04,39.38,39.74,38.32,39.16,39.16,3677600,2019,10,4
2019-10-05,39.38,39.74,38.32,39.16,39.16,0,2019,10,5
2019-10-06,39.38,39.74,38.32,39.16,39.16,0,2019,10,6
2019-10-07,39.55,40.13,39.11,39.24,39.24,3901800,2019,10,7
2019-10-08,38.8,39.24,38.07,38.66,38.66,3318200,2019,10,8
2019-10-09,38.7,38.75,38.01,38.2,38.2,4088800,2019,10,9
2019-10-10,38.39,38.7,37.07,37.7,37.7,7305600,2019,10,10
2019-10-11,37.9,39.92,37.9,39.49,39.49,6901000,2019,10,11
2019-10-12,37.9,39.92,37.9,39.49,39.49,0,2019,10,12
2019-10-13,37.9,39.92,37.9,39.49,39.49,0,2019,10,13
2019-10-14,39.93,40.31,39.25,39.8,39.8,4574400,2019,10,14
2019-10-15,39.8,41.18,39.65,41.08,41.08,5675800,2019,10,15
2019-10-16,40.9,41.02,39.85,40.51,40.51,4502600,2019,10,16
2019-10-17,40.53,42.07,40.21,41.67,41.67,6167400,2019,10,17
2019-10-18,41.61,41.66,40.35,40.79,40.79,5511300,2019,10,18
2019-10-19,41.61,41.66,40.35,40.79,40.79,0,2019,10,19
2019-10-20,41.61,41.66,40.35,40.79,40.79,0,2019,10,20
2019-10-21,41.25,41.67,40.57,40.88,40.88,3016400,2019,10,21
2019-10-22,41.15,45.36,40.06,43.56,43.56,19543800,2019,10,22
2019-10-23,43.67,44.19,42.88,43.08,43.08,4773400,2019,10,23
2019-10-24,43.01,43.75,42.12,43.72,43.72,4101700,2019,10,24
2019-10-25,43.71,44.68,43.38,44.54,44.54,5057100,2019,10,25
2019-10-26,43.71,44.68,43.38,44.54,44.54,0,2019,10,26
2019-10-27,43.71,44.68,43.38,44.54,44.54,0,2019,10,27
2019-10-28,44.68,44.78,43.55,44.42,44.42,4596300,2019,10,28
2019-10-29,44.25,44.25,42.58,43.68,43.68,3763800,2019,10,29
2019-10-30,43.45,44.21,43.0,44.11,44.11,7938500,2019,10,30
2019-10-31,45.63,45.82,41.16,41.44,41.44,16193000,2019,10,31
2019-11-01,41.7,43.32,41.58,42.98,42.98,7492200,2019,11,1
2019-11-02,41.7,43.32,41.58,42.98,42.98,0,2019,11,2
2019-11-03,41.7,43.32,41.58,42.98,42.98,0,2019,11,3
2019-11-04,43.0,43.8,42.37,42.83,42.83,6177900,2019,11,4
2019-11-05,42.4,43.09,41.25,41.37,41.37,6618200,2019,11,5
2019-11-06,40.6,43.28,40.48,42.92,42.92,9550000,2019,11,6
2019-11-07,43.31,43.64,42.27,43.29,43.29,6012800,2019,11,7
2019-11-08,43.23,43.38,42.53,43.23,43.23,4860400,2019,11,8
2019-11-09,43.23,43.38,42.53,43.23,43.23,0,2019,11,9
2019-11-10,43.23,43.38,42.53,43.23,43.23,0,2019,11,10
2019-11-11,42.85,43.01,41.8,42.97,42.97,3839900,2019,11,11
2019-11-12,42.74,43.45,42.2,42.33,42.33,4293400,2019,11,12
2019-11-13,42.2,43.43,42.01,43.3,43.3,3993200,2019,11,13
2019-11-14,42.83,42.91,40.65,41.92,41.92,8868300,2019,11,14
2019-11-15,42.18,43.93,41.73,43.04,43.04,7362600,2019,11,15
2019-11-16,42.18,43.93,41.73,43.04,43.04,0,2019,11,16
2019-11-17,42.18,43.93,41.73,43.04,43.04,0,2019,11,17
2019-11-18,43.29,45.36,42.8,44.86,44.86,9062500,2019,11,18
2019-11-19,45.0,45.0,43.81,44.15,44.15,3740700,2019,11,19
2019-11-20,44.0,44.54,42.77,43.95,43.95,7547700,2019,11,20
2019-11-21,44.24,46.83,44.1,46.76,46.76,10806900,2019,11,21
2019-11-22,46.7,47.2,46.23,46.46,46.46,6344600,2019,11,22
2019-11-23,46.7,47.2,46.23,46.46,46.46,0,2019,11,23
2019-11-24,46.7,47.2,46.23,46.46,46.46,0,2019,11,24
2019-11-25,46.5,49.33,46.47,48.94,48.94,9645800,2019,11,25
2019-11-26,48.49,49.78,48.17,49.0,49.0,6769300,2019,11,26
2019-11-27,49.29,49.75,48.8,49.37,49.37,3044300,2019,11,27
2019-11-28,49.29,49.75,48.8,49.37,49.37,0,2019,11,28
2019-11-29,49.0,49.69,48.65,48.98,48.98,1702300,2019,11,29
2019-11-30,49.0,49.69,48.65,48.98,48.98,0,2019,11,30
2019-12-01,49.0,49.69,48.65,48.98,48.98,0,2019,12,1
2019-12-02,49.08,49.11,47.17,47.39,47.39,4324500,2019,12,2
2019-12-03,46.55,47.56,46.08,47.51,47.51,2870100,2019,12,3
2019-12-04,47.81,48.08,46.94,47.31,47.31,3144800,2019,12,4
2019-12-05,47.09,47.18,44.05,45.06,45.06,13027800,2019,12,5
2019-12-06,45.0,45.45,44.17,45.2,45.2,5043100,2019,12,6
2019-12-07,45.0,45.45,44.17,45.2,45.2,0,2019,12,7
2019-12-08,45.0,45.45,44.17,45.2,45.2,0,2019,12,8
2019-12-09,45.2,46.09,44.88,45.42,45.42,2771000,2019,12,9
2019-12-10,45.69,45.69,45.07,45.26,45.26,2888300,2019,12,10
2019-12-11,45.37,47.55,45.28,47.36,47.36,3803000,2019,12,11
2019-12-12,47.23,47.44,46.47,46.6,46.6,4694700,2019,12,12
2019-12-13,46.74,47.67,46.6,46.75,46.75,3011700,2019,12,13
2019-12-14,46.74,47.67,46.6,46.75,46.75,0,2019,12,14
2019-12-15,46.74,47.67,46.6,46.75,46.75,0,2019,12,15
2019-12-16,47.06,49.31,46.98,47.93,47.93,9094200,2019,12,16
2019-12-17,48.24,48.25,47.22,47.5,47.5,4077800,2019,12,17
2019-12-18,47.27,47.64,46.85,47.01,47.01,3577200,2019,12,18
2019-12-19,46.79,47.0,46.02,46.28,46.28,4477700,2019,12,19
2019-12-20,46.25,48.54,46.22,47.92,47.92,16993300,2019,12,20
2019-12-21,46.25,48.54,46.22,47.92,47.92,0,2019,12,21
2019-12-22,46.25,48.54,46.22,47.92,47.92,0,2019,12,22
2019-12-23,47.91,48.0,45.26,45.54,45.54,10834700,2019,12,23
2019-12-24,45.62,46.2,45.61,45.7,45.7,2512000,2019,12,24
2019-12-25,45.62,46.2,45.61,45.7,45.7,0,2019,12,25
2019-12-26,45.7,45.81,45.01,45.73,45.73,5179100,2019,12,26
2019-12-27,45.9,46.2,45.17,45.84,45.84,4454600,2019,12,27
2019-12-28,45.9,46.2,45.17,45.84,45.84,0,2019,12,28
2019-12-29,45.9,46.2,45.17,45.84,45.84,0,2019,12,29
2019-12-30,45.6,45.67,43.05,43.5,43.5,8655100,2019,12,30
2019-12-31,43.0,43.6,42.78,43.02,43.02,5499600,2019,12,31
2020-01-01,43.0,43.6,42.78,43.02,43.02,0,2020,1,1
2020-01-02,43.22,44.07,43.17,43.58,43.58,3912100,2020,1,2
2020-01-03,42.85,43.36,42.23,43.19,43.19,4407200,2020,1,3
2020-01-04,42.85,43.36,42.23,43.19,43.19,0,2020,1,4
2020-01-05,42.85,43.36,42.23,43.19,43.19,0,2020,1,5
2020-01-06,42.79,43.81,42.38,43.1,43.1,4964600,2020,1,6
2020-01-07,43.18,44.7,43.03,44.25,44.25,4773500,2020,1,7
2020-01-08,44.14,45.74,43.87,45.08,45.08,5636300,2020,1,8
2020-01-09,45.16,45.96,44.52,45.59,45.59,4640800,2020,1,9
2020-01-10,45.59,46.24,45.36,46.06,46.06,4512000,2020,1,10
2020-01-11,45.59,46.24,45.36,46.06,46.06,0,2020,1,11
2020-01-12,45.59,46.24,45.36,46.06,46.06,0,2020,1,12
2020-01-13,46.31,46.45,45.13,46.35,46.35,3796300,2020,1,13
2020-01-14,46.36,48.0,46.26,47.68,47.68,4940500,2020,1,14
2020-01-15,47.64,48.06,46.84,47.08,47.08,3179900,2020,1,15
2020-01-16,47.55,47.55,46.11,46.83,46.83,3354500,2020,1,16
2020-01-17,47.0,47.0,46.02,46.52,46.52,3498700,2020,1,17
2020-01-18,47.0,47.0,46.02,46.52,46.52,0,2020,1,18
2020-01-19,47.0,47.0,46.02,46.52,46.52,0,2020,1,19
2020-01-20,47.0,47.0,46.02,46.52,46.52,0,2020,1,20
2020-01-21,46.5,48.77,46.36,47.98,47.98,6253100,2020,1,21
2020-01-22,48.19,48.95,47.32,47.47,47.47,4134700,2020,1,22
2020-01-23,47.48,48.92,47.1,48.48,48.48,4143100,2020,1,23
2020-01-24,48.67,49.54,47.62,48.43,48.43,5475100,2020,1,24
2020-01-25,48.67,49.54,47.62,48.43,48.43,0,2020,1,25
2020-01-26,48.67,49.54,47.62,48.43,48.43,0,2020,1,26
2020-01-27,46.83,47.65,46.13,47.36,47.36,3803000,2020,1,27
2020-01-28,47.77,48.35,47.46,48.21,48.21,2876600,2020,1,28
2020-01-29,47.97,48.64,46.36,46.84,46.84,7489400,2020,1,29
2020-01-30,46.65,47.89,46.5,47.79,47.79,3100600,2020,1,30
2020-01-31,47.41,47.67,46.48,47.48,47.48,4001500,2020,1,31
2020-02-01,47.41,47.67,46.48,47.48,47.48,0,2020,2,1
2020-02-02,47.41,47.67,46.48,47.48,47.48,0,2020,2,2
2020-02-03,47.63,48.59,47.32,47.96,47.96,2659500,2020,2,3
2020-02-04,48.5,50.96,48.11,50.0,50.0,8123600,2020,2,4
2020-02-05,50.4,50.47,47.7,48.06,48.06,6061900,2020,2,5
2020-02-06,48.45,48.67,46.83,47.42,47.42,7127500,2020,2,6
2020-02-07,49.1,50.04,47.58,49.92,49.92,12516200,2020,2,7
2020-02-08,49.1,50.04,47.58,49.92,49.92,0,2020,2,8
2020-02-09,49.1,50.04,47.58,49.92,49.92,0,2020,2,9
2020-02-10,50.82,53.92,50.33,53.72,53.72,15370400,2020,2,10
2020-02-11,54.49,54.5,52.92,53.94,53.94,20414400,2020,2,11
2020-02-12,51.25,51.3,48.42,48.46,48.46,36622800,2020,2,12
2020-02-13,48.45,49.39,47.0,47.03,47.03,15660200,2020,2,13
2020-02-14,47.12,47.15,44.68,44.69,44.69,21569300,2020,2,14
2020-02-15,47.12,47.15,44.68,44.69,44.69,0,2020,2,15
2020-02-16,47.12,47.15,44.68,44.69,44.69,0,2020,2,16
2020-02-17,47.12,47.15,44.68,44.69,44.69,0,2020,2,17
2020-02-18,44.59,45.43,44.07,45.1,45.1,8393100,2020,2,18
2020-02-19,45.26,46.33,44.44,46.24,46.24,7439100,2020,2,19
2020-02-20,46.0,46.76,44.58,45.47,45.47,8489100,2020,2,20
2020-02-21,45.23,45.56,44.53,44.7,44.7,4305700,2020,2,21
2020-02-22,45.23,45.56,44.53,44.7,44.7,0,2020,2,22
2020-02-23,45.23,45.56,44.53,44.7,44.7,0,2020,2,23
2020-02-24,42.09,42.61,41.0,42.52,42.52,11644600,2020,2,24
2020-02-25,43.34,44.18,41.6,41.82,41.82,11628300,2020,2,25
2020-02-26,41.92,42.16,39.31,39.86,39.86,12062400,2020,2,26
2020-02-27,37.62,39.5,35.0,37.78,37.78,14781800,2020,2,27
2020-02-28,36.01,38.12,35.86,38.12,38.12,9356600,2020,2,28
2020-02-29,36.01,38.12,35.86,38.12,38.12,0,2020,2,29
2020-03-01,36.01,38.12,35.86,38.12,38.12,0,2020,3,1
2020-03-02,38.49,38.49,36.1,36.91,36.91,11296300,2020,3,2
2020-03-03,37.31,38.23,35.21,36.97,36.97,10440900,2020,3,3
2020-03-04,38.12,41.3,37.44,40.27,40.27,14959900,2020,3,4
2020-03-05,38.74,39.47,36.57,37.08,37.08,11190300,2020,3,5
2020-03-06,35.99,37.98,35.46,36.02,36.02,9436000,2020,3,6
2020-03-07,35.99,37.98,35.46,36.02,36.02,0,2020,3,7
2020-03-08,35.99,37.98,35.46,36.02,36.02,0,2020,3,8
2020-03-09,32.49,34.65,31.64,32.81,32.81,8987200,2020,3,9
2020-03-10,34.15,34.64,30.61,32.89,32.89,9774800,2020,3,10
2020-03-11,31.49,31.8,26.68,29.01,29.01,19837300,2020,3,11
2020-03-12,24.37,26.4,23.87,23.88,23.88,13630900,2020,3,12
2020-03-13,25.5,25.59,22.64,24.17,24.17,12495000,2020,3,13
2020-03-14,25.5,25.59,22.64,24.17,24.17,0,2020,3,14
2020-03-15,25.5,25.59,22.64,24.17,24.17,0,2020,3,15
2020-03-16,20.2,21.4,18.81,19.12,19.12,14451100,2020,3,16
2020-03-17,19.38,20.57,16.5,18.66,18.66,18864800,2020,3,17
2020-03-18,17.16,17.87,14.56,16.05,16.05,16577200,2020,3,18
2020-03-19,16.3,21.98,15.32,20.7,20.7,20139200,2020,3,19
2020-03-20,22.38,24.86,20.75,21.27,21.27,17599300,2020,3,20
2020-03-21,22.38,24.86,20.75,21.27,21.27,0,2020,3,21
2020-03-22,22.38,24.86,20.75,21.27,21.27,0,2020,3,22
2020-03-23,20.73,22.8,19.14,22.61,22.61,10885100,2020,3,23
2020-03-24,24.58,27.42,23.49,27.06,27.06,12634400,2020,3,24
2020-03-25,27.39,30.92,26.53,27.95,27.95,14107700,2020,3,25
2020-03-26,28.56,30.67,27.95,29.94,29.94,9461800,2020,3,26
2020-03-27,28.24,29.15,26.93,27.6,27.6,10169000,2020,3,27
2020-03-28,28.24,29.15,26.93,27.6,27.6,0,2020,3,28
2020-03-29,28.24,29.15,26.93,27.6,27.6,0,2020,3,29
2020-03-30,26.81,28.39,25.3,26.92,26.92,8729500,2020,3,30
2020-03-31,26.7,28.0,26.2,26.85,26.85,5773200,2020,3,31
2020-04-01,25.6,26.11,23.38,23.5,23.5,8898400,2020,4,1
2020-04-02,23.03,24.05,21.62,22.45,22.45,11528200,2020,4,2
2020-04-03,22.44,23.03,20.84,22.0,22.0,7375600,2020,4,3
2020-04-04,22.44,23.03,20.84,22.0,22.0,0,2020,4,4
2020-04-05,22.44,23.03,20.84,22.0,22.0,0,2020,4,5
2020-04-06,23.65,25.96,23.34,25.73,25.73,9557300,2020,4,6
2020-04-07,28.12,29.76,26.36,27.5,27.5,13303100,2020,4,7
2020-04-08,28.35,29.78,27.3,29.64,29.64,8914400,2020,4,8
2020-04-09,30.28,32.3,29.81,30.33,30.33,11335800,2020,4,9
2020-04-10,30.28,32.3,29.81,30.33,30.33,0,2020,4,10
2020-04-11,30.28,32.3,29.81,30.33,30.33,0,2020,4,11
2020-04-12,30.28,32.3,29.81,30.33,30.33,0,2020,4,12
2020-04-13,30.28,31.19,29.03,30.66,30.66,6697400,2020,4,13
2020-04-14,31.23,32.18,29.74,30.5,30.5,5713400,2020,4,14
2020-04-15,29.27,29.45,28.27,28.39,28.39,6825200,2020,4,15
2020-04-16,28.45,28.7,27.01,27.14,27.14,6881400,2020,4,16
2020-04-17,28.83,29.97,28.23,29.07,29.07,8437400,2020,4,17
2020-04-18,28.83,29.97,28.23,29.07,29.07,0,2020,4,18
2020-04-19,28.83,29.97,28.23,29.07,29.07,0,2020,4,19
2020-04-20,28.2,30.3,28.01,30.1,30.1,6190400,2020,4,20
2020-04-21,29.96,30.43,28.8,29.25,29.25,5670000,2020,4,21
2020-04-22,29.8,30.85,29.12,30.7,30.7,4311000,2020,4,22
2020-04-23,30.94,31.78,30.04,30.09,30.09,5174200,2020,4,23
2020-04-24,30.51,31.99,29.83,31.96,31.96,4926500,2020,4,24
2020-04-25,30.51,31.99,29.83,31.96,31.96,0,2020,4,25
2020-04-26,30.51,31.99,29.83,31.96,31.96,0,2020,4,26
2020-04-27,32.27,34.84,32.02,34.32,34.32,9839300,2020,4,27
2020-04-28,35.0,35.11,32.42,32.74,32.74,7842500,2020,4,28
2020-04-29,33.73,34.71,33.06,34.06,34.06,6245200,2020,4,29
2020-04-30,33.45,34.37,32.42,32.83,32.83,4624500,2020,4,30
2020-05-01,31.22,31.89,29.35,29.6,29.6,7339100,2020,5,1
2020-05-02,31.22,31.89,29.35,29.6,29.6,0,2020,5,2
2020-05-03,31.22,31.89,29.35,29.6,29.6,0,2020,5,3
2020-05-04,28.78,29.0,26.27,27.03,27.03,13393000,2020,5,4
2020-05-05,27.8,28.44,26.55,26.68,26.68,10336200,2020,5,5
2020-05-06,26.49,26.67,25.19,26.12,26.12,17790700,2020,5,6
2020-05-07,30.28,33.58,29.51,31.78,31.78,34466300,2020,5,7
2020-05-08,32.23,33.56,32.23,32.73,32.73,11886600,2020,5,8
2020-05-09,32.23,33.56,32.23,32.73,32.73,0,2020,5,9
2020-05-10,32.23,33.56,32.23,32.73,32.73,0,2020,5,10
2020-05-11,31.8,32.15,30.62,31.36,31.36,12014700,2020,5,11
2020-05-12,31.09,32.08,29.35,29.53,29.53,13414500,2020,5,12
2020-05-13,29.75,29.9,27.11,28.37,28.37,15032500,2020,5,13
2020-05-14,27.7,27.97,26.13,27.72,27.72,12560300,2020,5,14
2020-05-15,27.52,28.26,26.93,28.15,28.15,6881200,2020,5,15
2020-05-16,27.52,28.26,26.93,28.15,28.15,0,2020,5,16
2020-05-17,27.52,28.26,26.93,28.15,28.15,0,2020,5,17
2020-05-18,29.87,31.08,29.39,30.43,30.43,11935000,2020,5,18
2020-05-19,30.48,31.64,29.56,30.69,30.69,8398900,2020,5,19
2020-05-20,31.4,31.95,30.08,30.82,30.82,8503900,2020,5,20
2020-05-21,30.74,30.91,29.57,30.39,30.39,6281300,2020,5,21
2020-05-22,30.31,31.27,29.57,31.26,31.26,6699300,2020,5,22
2020-05-23,30.31,31.27,29.57,31.26,31.26,0,2020,5,23
2020-05-24,30.31,31.27,29.57,31.26,31.26,0,2020,5,24
2020-05-25,30.31,31.27,29.57,31.26,31.26,0,2020,5,25
2020-05-26,32.48,33.18,31.4,32.47,32.47,9085100,2020,5,26
2020-05-27,32.95,33.88,31.39,33.75,33.75,9270500,2020,5,27
2020-05-28,33.42,33.56,31.52,31.73,31.73,6816200,2020,5,28
2020-05-29,31.46,32.04,30.62,31.26,31.26,6817100,2020,5,29
2020-05-30,31.46,32.04,30.62,31.26,31.26,0,2020,5,30
2020-05-31,31.46,32.04,30.62,31.26,31.26,0,2020,5,31
2020-06-01,30.93,32.67,30.55,32.59,32.59,8371200,2020,6,1
2020-06-02,32.8,33.01,31.5,31.68,31.68,6809800,2020,6,2
2020-06-03,33.73,35.56,33.5,34.44,34.44,16778400,2020,6,3
2020-06-04,34.71,36.75,34.1,36.08,36.08,11770300,2020,6,4
2020-06-05,37.92,39.65,37.86,38.61,38.61,12285300,2020,6,5
2020-06-06,37.92,39.65,37.86,38.61,38.61,0,2020,6,6
2020-06-07,37.92,39.65,37.86,38.61,38.61,0,2020,6,7
2020-06-08,39.93,41.19,39.23,40.98,40.98,11217900,2020,6,8
2020-06-09,39.75,40.09,38.78,39.21,39.21,7989400,2020,6,9
2020-06-10,39.41,39.61,37.6,38.56,38.56,9524800,2020,6,10
2020-06-11,36.17,37.66,35.05,35.32,35.32,12443600,2020,6,11
2020-06-12,37.25,37.49,35.95,36.89,36.89,12055200,2020,6,12
2020-06-13,37.25,37.49,35.95,36.89,36.89,0,2020,6,13
2020-06-14,37.25,37.49,35.95,36.89,36.89,0,2020,6,14
2020-06-15,35.4,36.41,34.42,36.21,36.21,19440700,2020,6,15
2020-06-16,38.1,38.38,36.42,36.71,36.71,9045000,2020,6,16
2020-06-17,36.87,36.92,35.31,35.32,35.32,6225900,2020,6,17
2020-06-18,35.05,36.05,34.8,35.83,35.83,5841900,2020,6,18
2020-06-19,36.37,37.08,34.64,34.82,34.82,8550600,2020,6,19
2020-06-20,36.37,37.08,34.64,34.82,34.82,0,2020,6,20
2020-06-21,36.37,37.08,34.64,34.82,34.82,0,2020,6,21
2020-06-22,34.8,34.93,32.95,34.25,34.25,9522400,2020,6,22
2020-06-23,34.71,35.73,34.19,35.6,35.6,7034400,2020,6,23
2020-06-24,35.08,35.33,32.74,32.79,32.79,11275400,2020,6,24
2020-06-25,32.34,33.42,31.93,33.19,33.19,9310000,2020,6,25
2020-06-26,32.87,33.17,31.83,32.27,32.27,11900900,2020,6,26
2020-06-27,32.87,33.17,31.83,32.27,32.27,0,2020,6,27
2020-06-28,32.87,33.17,31.83,32.27,32.27,0,2020,6,28
2020-06-29,32.34,33.38,31.04,33.06,33.06,6745800,2020,6,29
2020-06-30,32.77,33.34,32.22,33.01,33.01,5410000,2020,6,30
2020-07-01,33.21,33.67,31.83,32.0,32.0,6358900,2020,7,1
2020-07-02,32.72,33.39,31.68,31.82,31.82,6162500,2020,7,2
2020-07-03,32.72,33.39,31.68,31.82,31.82,0,2020,7,3
2020-07-04,32.72,33.39,31.68,31.82,31.82,0,2020,7,4
2020-07-05,32.72,33.39,31.68,31.82,31.82,0,2020,7,5
2020-07-06,32.84,33.5,32.05,33.22,33.22,8338900,2020,7,6
2020-07-07,32.76,32.9,30.86,30.94,30.94,9092900,2020,7,7
2020-07-08,31.07,32.34,30.71,32.18,32.18,7687900,2020,7,8
2020-07-09,32.14,32.16,29.62,29.9,29.9,9671600,2020,7,9
2020-07-10,30.05,30.86,29.36,30.7,30.7,6055800,2020,7,10
2020-07-11,30.05,30.86,29.36,30.7,30.7,0,2020,7,11
2020-07-12,30.05,30.86,29.36,30.7,30.7,0,2020,7,12
2020-07-13,30.86,31.2,28.68,28.81,28.81,9037100,2020,7,13
2020-07-14,28.41,28.42,27.51,27.92,27.92,9524300,2020,7,14
2020-07-15,28.88,30.83,28.79,30.78,30.78,11125400,2020,7,15
2020-07-16,30.14,30.18,28.78,29.58,29.58,7299500,2020,7,16
2020-07-17,29.59,30.15,29.11,29.73,29.73,5232400,2020,7,17
2020-07-18,29.59,30.15,29.11,29.73,29.73,0,2020,7,18
2020-07-19,29.59,30.15,29.11,29.73,29.73,0,2020,7,19
2020-07-20,29.56,30.64,29.21,30.57,30.57,5673900,2020,7,20
2020-07-21,30.84,31.27,30.18,30.49,30.49,5487400,2020,7,21
2020-07-22,30.16,30.93,30.05,30.84,30.84,5087200,2020,7,22
2020-07-23,30.61,31.68,30.26,30.86,30.86,6052400,2020,7,23
2020-07-24,30.5,30.61,29.09,30.42,30.42,7728400,2020,7,24
2020-07-25,30.5,30.61,29.09,30.42,30.42,0,2020,7,25
2020-07-26,30.5,30.61,29.09,30.42,30.42,0,2020,7,26
2020-07-27,30.56,30.69,29.44,29.89,29.89,4445900,2020,7,27
2020-07-28,29.7,30.05,29.35,29.49,29.49,4018700,2020,7,28
2020-07-29,29.74,30.13,29.43,29.89,29.89,3932400,2020,7,29
2020-07-30,29.34,29.55,28.69,29.48,29.48,5664800,2020,7,30
2020-07-31,29.7,29.81,28.68,29.23,29.23,5466800,2020,7,31
2020-08-01,29.7,29.81,28.68,29.23,29.23,0,2020,8,1
2020-08-02,29.7,29.81,28.68,29.23,29.23,0,2020,8,2
2020-08-03,29.25,29.36,28.66,29.09,29.09,4203900,2020,8,3
2020-08-04,29.0,30.58,28.95,30.5,30.5,7333200,2020,8,4
2020-08-05,30.75,31.03,30.26,30.89,30.89,4281000,2020,8,5
2020-08-06,30.73,32.78,30.69,32.34,32.34,7581200,2020,8,6
2020-08-07,31.14,31.14,29.51,30.19,30.19,11184600,2020,8,7
2020-08-08,31.14,31.14,29.51,30.19,30.19,0,2020,8,8
2020-08-09,31.14,31.14,29.51,30.19,30.19,0,2020,8,9
2020-08-10,30.27,31.6,29.53,31.05,31.05,11740900,2020,8,10
2020-08-11,30.72,31.45,30.43,30.65,30.65,9798200,2020,8,11
2020-08-12,30.99,31.62,30.35,30.52,30.52,12286600,2020,8,12
2020-08-13,29.69,29.88,28.73,28.88,28.88,18662700,2020,8,13
2020-08-14,28.55,28.98,28.07,28.51,28.51,9606500,2020,8,14
2020-08-15,28.55,28.98,28.07,28.51,28.51,0,2020,8,15
2020-08-16,28.55,28.98,28.07,28.51,28.51,0,2020,8,16
2020-08-17,28.36,28.42,26.52,27.17,27.17,14004400,2020,8,17
2020-08-18,27.15,28.03,26.96,27.94,27.94,11469800,2020,8,18
2020-08-19,27.73,28.7,27.72,28.14,28.14,7487700,2020,8,19
2020-08-20,27.8,30.91,25.74,29.76,29.76,56019000,2020,8,20
2020-08-21,29.46,30.23,28.63,28.93,28.93,12728300,2020,8,21
2020-08-22,29.46,30.23,28.63,28.93,28.93,0,2020,8,22
2020-08-23,29.46,30.23,28.63,28.93,28.93,0,2020,8,23
2020-08-24,29.05,29.27,28.25,28.98,28.98,6044400,2020,8,24
2020-08-25,28.94,29.19,28.47,29.01,29.01,5067500,2020,8,25
2020-08-26,29.0,29.94,28.9,29.52,29.52,6895000,2020,8,26
2020-08-27,29.68,29.8,28.94,29.7,29.7,6494500,2020,8,27
2020-08-28,29.99,30.82,29.71,30.77,30.77,7747700,2020,8,28
2020-08-29,29.99,30.82,29.71,30.77,30.77,0,2020,8,29
2020-08-30,29.99,30.82,29.71,30.77,30.77,0,2020,8,30
2020-08-31,30.64,30.87,29.59,29.67,29.67,4815200,2020,8,31
2020-09-01,29.53,29.87,28.93,29.43,29.43,5622000,2020,9,1
2020-09-02,29.4,29.53,28.29,28.61,28.61,9083400,2020,9,2
2020-09-03,28.78,29.35,28.04,28.56,28.56,10351100,2020,9,3
2020-09-04,28.63,29.17,27.17,28.97,28.97,7066400,2020,9,4
2020-09-05,28.63,29.17,27.17,28.97,28.97,0,2020,9,5
2020-09-06,28.63,29.17,27.17,28.97,28.97,0,2020,9,6
2020-09-07,28.63,29.17,27.17,28.97,28.97,0,2020,9,7
2020-09-08,28.23,30.95,28.04,30.1,30.1,10688900,2020,9,8
2020-09-09,29.81,30.5,29.24,29.87,29.87,8865200,2020,9,9
2020-09-10,30.21,31.2,29.33,29.51,29.51,8130600,2020,9,10
2020-09-11,29.77,31.21,29.57,30.76,30.76,9865700,2020,9,11
2020-09-12,29.77,31.21,29.57,30.76,30.76,0,2020,9,12
2020-09-13,29.77,31.21,29.57,30.76,30.76,0,2020,9,13
2020-09-14,30.83,32.15,30.83,31.97,31.97,9740000,2020,9,14
2020-09-15,32.26,32.27,30.05,30.23,30.23,14197200,2020,9,15
2020-09-16,30.16,31.1,30.16,30.7,30.7,8438100,2020,9,16
2020-09-17,30.0,31.37,29.58,31.24,31.24,9536700,2020,9,17
2020-09-18,31.24,31.29,30.19,30.59,30.59,8020000,2020,9,18
2020-09-19,31.24,31.29,30.19,30.59,30.59,0,2020,9,19
2020-09-20,31.24,31.29,30.19,30.59,30.59,0,2020,9,20
2020-09-21,29.54,29.79,28.44,28.9,28.9,9288300,2020,9,21
2020-09-22,29.17,29.17,28.0,28.31,28.31,9349500,2020,9,22
2020-09-23,28.27,28.56,26.96,26.97,26.97,6471800,2020,9,23
2020-09-24,26.86,27.47,26.51,26.77,26.77,8672100,2020,9,24
2020-09-25,26.66,27.53,26.52,27.53,27.53,5470400,2020,9,25
2020-09-26,26.66,27.53,26.52,27.53,27.53,0,2020,9,26
2020-09-27,26.66,27.53,26.52,27.53,27.53,0,2020,9,27
2020-09-28,28.14,28.44,27.72,28.05,28.05,7257100,2020,9,28
2020-09-29,27.95,27.95,27.12,27.14,27.14,5938600,2020,9,29
2020-09-30,27.36,28.11,27.34,27.55,27.55,7196300,2020,9,30
2020-10-01,28.0,28.36,27.57,27.81,27.81,7132300,2020,10,1
2020-10-02,26.9,27.94,26.75,27.63,27.63,6786200,2020,10,2
2020-10-03,26.9,27.94,26.75,27.63,27.63,0,2020,10,3
2020-10-04,26.9,27.94,26.75,27.63,27.63,0,2020,10,4
2020-10-05,27.83,28.06,26.65,26.69,26.69,10741000,2020,10,5
2020-10-06,27.08,27.37,26.24,26.41,26.41,9303900,2020,10,6
2020-10-07,26.75,26.9,26.11,26.27,26.27,10848600,2020,10,7
2020-10-08,26.47,27.59,26.37,27.21,27.21,13330700,2020,10,8
2020-10-09,27.52,28.09,27.45,27.8,27.8,6724300,2020,10,9
2020-10-10,27.52,28.09,27.45,27.8,27.8,0,2020,10,10
2020-10-11,27.52,28.09,27.45,27.8,27.8,0,2020,10,11
2020-10-12,27.92,27.92,26.93,27.24,27.24,6813300,2020,10,12
2020-10-13,27.14,27.2,26.33,26.33,26.33,8732100,2020,10,13
2020-10-14,26.5,26.96,26.16,26.75,26.75,7877200,2020,10,14
2020-10-15,26.35,26.36,25.53,25.6,25.6,9010500,2020,10,15
2020-10-16,25.83,25.83,25.21,25.53,25.53,6769800,2020,10,16
2020-10-17,25.83,25.83,25.21,25.53,25.53,0,2020,10,17
2020-10-18,25.83,25.83,25.21,25.53,25.53,0,2020,10,18
2020-10-19,25.7,25.79,24.6,24.63,24.63,9830200,2020,10,19
2020-10-20,24.96,25.63,24.55,25.13,25.13,11399000,2020,10,20
2020-10-21,24.97,25.0,24.17,24.66,24.66,10514100,2020,10,21
2020-10-22,24.8,25.7,24.7,25.58,25.58,7329600,2020,10,22
2020-10-23,25.42,26.22,25.07,26.02,26.02,8124600,2020,10,23
2020-10-24,25.42,26.22,25.07,26.02,26.02,0,2020,10,24
2020-10-25,25.42,26.22,25.07,26.02,26.02,0,2020,10,25
2020-10-26,25.68,26.02,24.68,24.84,24.84,7230200,2020,10,26
2020-10-27,24.76,24.79,22.89,22.94,22.94,15308000,2020,10,27
2020-10-28,22.44,22.62,21.34,22.23,22.23,17627600,2020,10,28
2020-10-29,22.23,23.27,21.91,22.93,22.93,7482600,2020,10,29
2020-10-30,22.82,23.43,22.4,22.83,22.83,8012800,2020,10,30
2020-10-31,22.82,23.43,22.4,22.83,22.83,0,2020,10,31
2020-11-01,22.82,23.43,22.4,22.83,22.83,0,2020,11,1
2020-11-02,23.19,24.67,22.9,24.5,24.5,12181700,2020,11,2
2020-11-03,24.91,26.6,24.86,26.23,26.23,16311400,2020,11,3
2020-11-04,31.7,32.12,28.31,29.19,29.19,60939000,2020,11,4
2020-11-05,29.09,29.75,28.72,29.03,29.03,12774700,2020,11,5
2020-11-06,28.65,30.33,27.93,29.84,29.84,16028400,2020,11,6
2020-11-07,28.65,30.33,27.93,29.84,29.84,0,2020,11,7
2020-11-08,28.65,30.33,27.93,29.84,29.84,0,2020,11,8
2020-11-09,35.0,37.98,34.96,37.69,37.69,36882200,2020,11,9
2020-11-10,36.78,38.06,35.89,36.05,36.05,22041700,2020,11,10
2020-11-11,37.29,38.9,35.86,36.41,36.41,30160800,2020,11,11
2020-11-12,35.46,37.81,35.43,36.46,36.46,13324300,2020,11,12
2020-11-13,36.75,37.74,35.97,37.54,37.54,8256600,2020,11,13
2020-11-14,36.75,37.74,35.97,37.54,37.54,0,2020,11,14
2020-11-15,36.75,37.74,35.97,37.54,37.54,0,2020,11,15
2020-11-16,39.04,40.01,38.71,39.92,39.92,12649100,2020,11,16
2020-11-17,38.86,40.44,38.72,39.42,39.42,8342900,2020,11,17
2020-11-18,39.81,41.41,39.52,39.77,39.77,8909500,2020,11,18
2020-11-19,39.6,40.75,39.12,40.11,40.11,7658400,2020,11,19
2020-11-20,40.17,40.3,37.73,38.1,38.1,12373000,2020,11,20
2020-11-21,40.17,40.3,37.73,38.1,38.1,0,2020,11,21
2020-11-22,40.17,40.3,37.73,38.1,38.1,0,2020,11,22
2020-11-23,38.54,39.95,38.44,39.35,39.35,9408300,2020,11,23
2020-11-24,40.4,40.4,39.18,39.49,39.49,9086200,2020,11,24
2020-11-25,39.0,39.6,38.2,39.52,39.52,5409700,2020,11,25
2020-11-26,39.0,39.6,38.2,39.52,39.52,0,2020,11,26
2020-11-27,39.37,39.9,38.77,39.04,39.04,3664800,2020,11,27
2020-11-28,39.37,39.9,38.77,39.04,39.04,0,2020,11,28
2020-11-29,39.37,39.9,38.77,39.04,39.04,0,2020,11,29
2020-11-30,38.79,39.35,37.63,38.17,38.17,5303100,2020,11,30
2020-12-01,39.08,40.87,38.73,39.61,39.61,6965000,2020,12,1
2020-12-02,39.03,43.86,38.2,43.4,43.4,17157800,2020,12,2
2020-12-03,43.41,44.06,42.4,43.1,43.1,8617000,2020,12,3
2020-12-04,43.4,46.14,43.4,46.1,46.1,10547900,2020,12,4
2020-12-05,43.4,46.14,43.4,46.1,46.1,0,2020,12,5
2020-12-06,43.4,46.14,43.4,46.1,46.1,0,2020,12,6
2020-12-07,47.35,47.75,46.03,46.56,46.56,8608200,2020,12,7
2020-12-08,46.04,47.9,46.04,46.52,46.52,7448800,2020,12,8
2020-12-09,47.23,48.75,46.23,47.53,47.53,11669100,2020,12,9
2020-12-10,46.65,48.65,45.81,48.11,48.11,7236600,2020,12,10
2020-12-11,48.03,49.17,46.43,46.87,46.87,7040700,2020,12,11
2020-12-12,48.03,49.17,46.43,46.87,46.87,0,2020,12,12
2020-12-13,48.03,49.17,46.43,46.87,46.87,0,2020,12,13
2020-12-14,47.62,48.4,46.63,46.77,46.77,6105900,2020,12,14
2020-12-15,46.99,49.33,46.97,49.3,49.3,6935700,2020,12,15
2020-12-16,49.3,50.37,49.3,49.91,49.91,8864800,2020,12,16
2020-12-17,49.85,50.55,49.1,49.47,49.47,5987300,2020,12,17
2020-12-18,49.43,50.15,48.55,49.98,49.98,7041400,2020,12,18
2020-12-19,49.43,50.15,48.55,49.98,49.98,0,2020,12,19
2020-12-20,49.43,50.15,48.55,49.98,49.98,0,2020,12,20
2020-12-21,48.01,50.36,47.65,49.91,49.91,7660200,2020,12,21
2020-12-22,50.11,50.18,48.93,49.51,49.51,4437700,2020,12,22
2020-12-23,49.75,50.55,49.52,50.07,50.07,5988100,2020,12,23
2020-12-24,50.02,50.07,48.69,48.86,48.86,1939700,2020,12,24
2020-12-25,50.02,50.07,48.69,48.86,48.86,0,2020,12,25
2020-12-26,50.02,50.07,48.69,48.86,48.86,0,2020,12,26
2020-12-27,50.02,50.07,48.69,48.86,48.86,0,2020,12,27
2020-12-28,49.25,49.89,48.37,49.77,49.77,3321400,2020,12,28
2020-12-29,49.51,50.23,48.74,49.25,49.25,6320200,2020,12,29
2020-12-30,49.38,50.79,48.86,50.34,50.34,5569900,2020,12,30
2020-12-31,50.26,50.3,49.05,49.13,49.13,3224100,2020,12,31
2021-01-01,50.26,50.3,49.05,49.13,49.13,0,2021,1,1
2021-01-02,50.26,50.3,49.05,49.13,49.13,0,2021,1,2
2021-01-03,50.26,50.3,49.05,49.13,49.13,0,2021,1,3
2021-01-04,49.38,50.02,46.51,47.28,47.28,6214700,2021,1,4
2021-01-05,47.02,49.24,46.6,48.85,48.85,5338100,2021,1,5
2021-01-06,48.98,49.14,46.92,47.46,47.46,7678800,2021,1,6
2021-01-07,48.09,49.27,48.09,48.84,48.84,6651100,2021,1,7
2021-01-08,48.74,48.95,46.84,47.5,47.5,5068300,2021,1,8
2021-01-09,48.74,48.95,46.84,47.5,47.5,0,2021,1,9
2021-01-10,48.74,48.95,46.84,47.5,47.5,0,2021,1,10
2021-01-11,46.62,48.86,46.06,48.37,48.37,5472200,2021,1,11
2021-01-12,48.46,51.11,47.49,50.68,50.68,14867900,2021,1,12
2021-01-13,50.14,51.24,49.14,49.78,49.78,6696400,2021,1,13
2021-01-14,50.28,50.95,48.21,48.74,48.74,4646600,2021,1,14
2021-01-15,48.63,49.03,47.54,47.88,47.88,4187600,2021,1,15
2021-01-16,48.63,49.03,47.54,47.88,47.88,0,2021,1,16
2021-01-17,48.63,49.03,47.54,47.88,47.88,0,2021,1,17
2021-01-18,48.63,49.03,47.54,47.88,47.88,0,2021,1,18
2021-01-19,48.62,49.93,47.81,48.96,48.96,6293000,2021,1,19
2021-01-20,49.28,50.25,48.53,48.94,48.94,4810000,2021,1,20
2021-01-21,49.09,49.26,47.9,48.1,48.1,4422400,2021,1,21
2021-01-22,47.81,48.05,47.01,47.81,47.81,3493400,2021,1,22
2021-01-23,47.81,48.05,47.01,47.81,47.81,0,2021,1,23
2021-01-24,47.81,48.05,47.01,47.81,47.81,0,2021,1,24
2021-01-25,47.76,47.76,44.11,47.14,47.14,7314400,2021,1,25
2021-01-26,47.47,48.78,46.76,46.9,46.9,5446500,2021,1,26
2021-01-27,45.64,45.88,42.94,43.62,43.62,8946400,2021,1,27
2021-01-28,44.75,46.86,44.33,46.22,46.22,6464700,2021,1,28
2021-01-29,45.78,46.15,43.66,44.46,44.46,5631200,2021,1,29
2021-01-30,45.78,46.15,43.66,44.46,44.46,0,2021,1,30
2021-01-31,45.78,46.15,43.66,44.46,44.46,0,2021,1,31
2021-02-01,45.56,45.83,44.75,45.51,45.51,6732600,2021,2,1
2021-02-02,46.1,48.32,46.1,47.5,47.5,7043300,2021,2,2
2021-02-03,47.89,49.74,47.21,49.41,49.41,5047200,2021,2,3
2021-02-04,49.84,52.31,49.55,51.77,51.77,6853200,2021,2,4
2021-02-05,52.25,53.54,52.14,53.12,53.12,6222500,2021,2,5
2021-02-06,52.25,53.54,52.14,53.12,53.12,0,2021,2,6
2021-02-07,52.25,53.54,52.14,53.12,53.12,0,2021,2,7
2021-02-08,53.31,54.75,52.6,53.41,53.41,5460000,2021,2,8
2021-02-09,52.94,54.79,52.7,53.64,53.64,11509000,2021,2,9
2021-02-10,58.5,59.4,55.26,56.21,56.21,20503900,2021,2,10
2021-02-11,55.76,57.6,55.4,57.07,57.07,10478600,2021,2,11
2021-02-12,56.2,57.68,55.3,57.65,57.65,6414900,2021,2,12
2021-02-13,56.2,57.68,55.3,57.65,57.65,0,2021,2,13
2021-02-14,56.2,57.68,55.3,57.65,57.65,0,2021,2,14
2021-02-15,56.2,57.68,55.3,57.65,57.65,0,2021,2,15
2021-02-16,58.15,58.92,57.38,58.46,58.46,7250300,2021,2,16
2021-02-17,57.91,58.26,55.76,58.11,58.11,4477700,2021,2,17
2021-02-18,57.0,58.32,56.45,57.07,57.07,7219000,2021,2,18
2021-02-19,57.67,59.82,57.51,58.93,58.93,9238000,2021,2,19
2021-02-20,57.67,59.82,57.51,58.93,58.93,0,2021,2,20
2021-02-21,57.67,59.82,57.51,58.93,58.93,0,2021,2,21
2021-02-22,58.14,59.47,56.7,56.82,56.82,7936000,2021,2,22
2021-02-23,55.79,58.25,54.54,57.72,57.72,5851700,2021,2,23
2021-02-24,57.64,59.66,56.69,59.13,59.13,6370900,2021,2,24
2021-02-25,59.06,59.49,55.11,55.91,55.91,7030300,2021,2,25
2021-02-26,55.74,57.19,54.86,55.7,55.7,4477400,2021,2,26
2021-02-27,55.74,57.19,54.86,55.7,55.7,0,2021,2,27
2021-02-28,55.74,57.19,54.86,55.7,55.7,0,2021,2,28
2021-03-01,56.96,58.35,56.64,57.34,57.34,4094700,2021,3,1
2021-03-02,57.51,58.16,56.72,57.06,57.06,3845300,2021,3,2
2021-03-03,59.7,63.58,57.98,61.76,61.76,23938800,2021,3,3
2021-03-04,61.5,63.26,59.44,61.87,61.87,13491600,2021,3,4
2021-03-05,63.16,65.09,60.98,64.12,64.12,14017600,2021,3,5
2021-03-06,63.16,65.09,60.98,64.12,64.12,0,2021,3,6
2021-03-07,63.16,65.09,60.98,64.12,64.12,0,2021,3,7
2021-03-08,65.34,65.95,63.78,64.31,64.31,8828300,2021,3,8
2021-03-09,65.05,65.18,61.76,62.34,62.34,8113400,2021,3,9
2021-03-10,62.68,63.9,61.13,61.31,61.31,7269700,2021,3,10
2021-03-11,62.29,64.91,62.2,62.72,62.72,5778600,2021,3,11
2021-03-12,62.49,66.9,61.73,66.37,66.37,8332600,2021,3,12
2021-03-13,62.49,66.9,61.73,66.37,66.37,0,2021,3,13
2021-03-14,62.49,66.9,61.73,66.37,66.37,0,2021,3,14
2021-03-15,66.33,67.8,64.87,67.42,67.42,8146200,2021,3,15
2021-03-16,67.34,67.78,63.94,64.69,64.69,6503300,2021,3,16
2021-03-17,64.99,66.3,64.24,65.93,65.93,5639700,2021,3,17
2021-03-18,66.43,68.28,65.52,66.08,66.08,8046800,2021,3,18
2021-03-19,65.56,67.47,64.23,66.56,66.56,6036300,2021,3,19
2021-03-20,65.56,67.47,64.23,66.56,66.56,0,2021,3,20
2021-03-21,65.56,67.47,64.23,66.56,66.56,0,2021,3,21
2021-03-22,66.68,66.97,63.96,64.16,64.16,5067200,2021,3,22
2021-03-23,63.8,64.16,60.86,61.56,61.56,5399100,2021,3,23
2021-03-24,62.37,63.75,60.89,60.97,60.97,3239300,2021,3,24
2021-03-25,59.91,63.88,59.54,63.57,63.57,4677100,2021,3,25
2021-03-26,64.71,65.42,63.35,64.51,64.51,4384900,2021,3,26
2021-03-27,64.71,65.42,63.35,64.51,64.51,0,2021,3,27
2021-03-28,64.71,65.42,63.35,64.51,64.51,0,2021,3,28
2021-03-29,64.49,65.19,63.45,63.62,63.62,3171800,2021,3,29
2021-03-30,63.61,63.94,62.33,63.05,63.05,3475500,2021,3,30
2021-03-31,62.97,63.96,61.41,63.18,63.18,5822100,2021,3,31
2021-04-01,63.45,64.68,62.07,64.64,64.64,5154600,2021,4,1
2021-04-02,63.45,64.68,62.07,64.64,64.64,0,2021,4,2
2021-04-03,63.45,64.68,62.07,64.64,64.64,0,2021,4,3
2021-04-04,63.45,64.68,62.07,64.64,64.64,0,2021,4,4
2021-04-05,65.55,65.94,63.55,64.47,64.47,4202300,2021,4,5
2021-04-06,64.53,65.35,64.12,64.24,64.24,3730500,2021,4,6
2021-04-07,63.85,64.14,60.79,60.96,60.96,6128900,2021,4,7
2021-04-08,61.11,62.14,60.52,62.01,62.01,4918700,2021,4,8
2021-04-09,61.5,61.75,59.71,60.97,60.97,7642800,2021,4,9
2021-04-10,61.5,61.75,59.71,60.97,60.97,0,2021,4,10
2021-04-11,61.5,61.75,59.71,60.97,60.97,0,2021,4,11
2021-04-12,61.26,62.25,59.03,59.85,59.85,8687600,2021,4,12
2021-04-13,59.26,62.38,58.35,62.33,62.33,5672900,2021,4,13
2021-04-14,62.34,64.99,62.29,62.8,62.8,5163700,2021,4,14
2021-04-15,63.47,65.01,62.74,64.44,64.44,5304900,2021,4,15
2021-04-16,64.47,64.87,63.14,63.4,63.4,3292800,2021,4,16
2021-04-17,64.47,64.87,63.14,63.4,63.4,0,2021,4,17
2021-04-18,64.47,64.87,63.14,63.4,63.4,0,2021,4,18
2021-04-19,62.94,63.54,61.62,61.87,61.87,3871600,2021,4,19
2021-04-20,61.73,62.04,58.8,60.8,60.8,5179600,2021,4,20
2021-04-21,60.31,61.38,59.13,60.74,60.74,5305500,2021,4,21
2021-04-22,60.76,62.52,59.91,61.0,61.0,4749200,2021,4,22
2021-04-23,61.4,63.81,61.29,63.7,63.7,4369000,2021,4,23
2021-04-24,61.4,63.81,61.29,63.7,63.7,0,2021,4,24
2021-04-25,61.4,63.81,61.29,63.7,63.7,0,2021,4,25
2021-04-26,63.98,64.8,62.94,63.06,63.06,4745000,2021,4,26
2021-04-27,64.85,65.64,62.05,62.14,62.14,9832700,2021,4,27
2021-04-28,62.24,64.08,61.03,63.4,63.4,4482200,2021,4,28
2021-04-29,63.96,63.96,54.36,57.1,57.1,27085900,2021,4,29
2021-04-30,56.06,58.06,55.25,55.66,55.66,10841900,2021,4,30
2021-05-01,56.06,58.06,55.25,55.66,55.66,0,2021,5,1
2021-05-02,56.06,58.06,55.25,55.66,55.66,0,2021,5,2
2021-05-03,56.3,57.35,56.03,57.08,57.08,6547400,2021,5,3
2021-05-04,56.19,56.49,53.48,56.19,56.19,14453700,2021,5,4
2021-05-05,57.57,57.6,52.0,52.63,52.63,25071200,2021,5,5
2021-05-06,50.63,51.27,48.71,49.8,49.8,14933500,2021,5,6
2021-05-07,50.55,51.54,49.65,50.07,50.07,7766100,2021,5,7
2021-05-08,50.55,51.54,49.65,50.07,50.07,0,2021,5,8
2021-05-09,50.55,51.54,49.65,50.07,50.07,0,2021,5,9
2021-05-10,51.27,51.68,48.71,49.16,49.16,7563700,2021,5,10
2021-05-11,47.4,49.85,47.11,48.82,48.82,6907100,2021,5,11
2021-05-12,48.87,49.77,46.34,46.89,46.89,10442500,2021,5,12
2021-05-13,47.3,48.26,45.28,46.02,46.02,9573500,2021,5,13
2021-05-14,47.11,50.19,46.97,49.65,49.65,8314800,2021,5,14
2021-05-15,47.11,50.19,46.97,49.65,49.65,0,2021,5,15
2021-05-16,47.11,50.19,46.97,49.65,49.65,0,2021,5,16
2021-05-17,49.25,50.12,48.71,49.71,49.71,4213300,2021,5,17
2021-05-18,51.11,53.16,51.04,51.51,51.51,9206200,2021,5,18
2021-05-19,49.89,52.39,49.75,52.21,52.21,5218200,2021,5,19
2021-05-20,52.73,52.89,50.51,51.96,51.96,7883500,2021,5,20
2021-05-21,52.49,53.75,51.81,52.32,52.32,4842100,2021,5,21
2021-05-22,52.49,53.75,51.81,52.32,52.32,0,2021,5,22
2021-05-23,52.49,53.75,51.81,52.32,52.32,0,2021,5,23
2021-05-24,52.42,54.0,51.98,53.31,53.31,5993700,2021,5,24
2021-05-25,53.59,55.44,52.65,52.76,52.76,6658600,2021,5,25
2021-05-26,53.1,55.07,52.81,54.92,54.92,6364700,2021,5,26
2021-05-27,55.4,56.33,54.23,55.49,55.49,19935200,2021,5,27
2021-05-28,55.29,57.39,55.22,57.09,57.09,9039000,2021,5,28
2021-05-29,55.29,57.39,55.22,57.09,57.09,0,2021,5,29
2021-05-30,55.29,57.39,55.22,57.09,57.09,0,2021,5,30
2021-05-31,55.29,57.39,55.22,57.09,57.09,0,2021,5,31
2021-06-01,57.34,59.0,56.73,58.76,58.76,6700900,2021,6,1
2021-06-02,58.7,59.12,57.65,58.46,58.46,4065400,2021,6,2
2021-06-03,58.0,58.0,56.21,56.32,56.32,4581300,2021,6,3
2021-06-04,56.65,57.51,56.46,57.4,57.4,2963100,2021,6,4
2021-06-05,56.65,57.51,56.46,57.4,57.4,0,2021,6,5
2021-06-06,56.65,57.51,56.46,57.4,57.4,0,2021,6,6
2021-06-07,57.54,59.08,57.04,58.56,58.56,4535400,2021,6,7
2021-06-08,58.91,59.05,56.35,56.74,56.74,5714600,2021,6,8
2021-06-09,56.94,57.11,55.36,55.38,55.38,4140800,2021,6,9
2021-06-10,56.13,56.2,54.54,55.66,55.66,4991300,2021,6,10
2021-06-11,55.73,56.4,55.13,56.11,56.11,3654300,2021,6,11
2021-06-12,55.73,56.4,55.13,56.11,56.11,0,2021,6,12
2021-06-13,55.73,56.4,55.13,56.11,56.11,0,2021,6,13
2021-06-14,56.3,60.3,56.2,58.41,58.41,8750900,2021,6,14
2021-06-15,57.95,58.27,56.7,57.82,57.82,4098600,2021,6,15
2021-06-16,57.83,57.96,56.04,56.97,56.97,3881200,2021,6,16
2021-06-17,56.75,59.68,56.62,58.8,58.8,5242500,2021,6,17
2021-06-18,58.8,59.61,57.69,58.48,58.48,4640500,2021,6,18
2021-06-19,58.8,59.61,57.69,58.48,58.48,0,2021,6,19
2021-06-20,58.8,59.61,57.69,58.48,58.48,0,2021,6,20
2021-06-21,59.18,59.85,57.79,59.5,59.5,4559500,2021,6,21
2021-06-22,59.38,59.68,58.04,59.06,59.06,3429700,2021,6,22
2021-06-23,59.54,61.93,59.3,61.41,61.41,4918400,2021,6,23
2021-06-24,61.25,61.97,60.17,61.78,61.78,3747000,2021,6,24
2021-06-25,62.09,62.39,60.66,61.5,61.5,10442700,2021,6,25
2021-06-26,62.09,62.39,60.66,61.5,61.5,0,2021,6,26
2021-06-27,62.09,62.39,60.66,61.5,61.5,0,2021,6,27
2021-06-28,61.5,61.56,58.59,58.73,58.73,5371000,2021,6,28
2021-06-29,59.18,60.25,58.55,59.99,59.99,3530900,2021,6,29
2021-06-30,59.66,61.38,59.66,60.48,60.48,3741600,2021,6,30
2021-07-01,61.29,62.9,60.84,61.87,61.87,5423300,2021,7,1
2021-07-02,62.0,63.07,61.61,62.79,62.79,3507400,2021,7,2
2021-07-03,62.0,63.07,61.61,62.79,62.79,0,2021,7,3
2021-07-04,62.0,63.07,61.61,62.79,62.79,0,2021,7,4
2021-07-05,62.0,63.07,61.61,62.79,62.79,0,2021,7,5
2021-07-06,62.62,63.0,60.98,61.64,61.64,4470600,2021,7,6
2021-07-07,61.73,61.88,58.03,58.75,58.75,5801300,2021,7,7
2021-07-08,57.41,58.96,56.54,58.55,58.55,4062400,2021,7,8
2021-07-09,59.22,60.21,58.56,60.06,60.06,2677400,2021,7,9
2021-07-10,59.22,60.21,58.56,60.06,60.06,0,2021,7,10
2021-07-11,59.22,60.21,58.56,60.06,60.06,0,2021,7,11
2021-07-12,60.0,60.3,58.01,58.07,58.07,3104400,2021,7,12
2021-07-13,57.73,58.12,56.8,57.07,57.07,3346400,2021,7,13
2021-07-14,57.5,57.73,55.42,55.83,55.83,4103800,2021,7,14
2021-07-15,55.86,56.13,54.22,54.73,54.73,3593600,2021,7,15
2021-07-16,55.02,55.51,53.14,53.4,53.4,4546600,2021,7,16
2021-07-17,55.02,55.51,53.14,53.4,53.4,0,2021,7,17
2021-07-18,55.02,55.51,53.14,53.4,53.4,0,2021,7,18
2021-07-19,52.06,52.18,50.54,51.72,51.72,7056800,2021,7,19
2021-07-20,52.01,53.06,50.78,52.95,52.95,5018900,2021,7,20
2021-07-21,53.0,56.12,52.94,55.77,55.77,5955400,2021,7,21
2021-07-22,55.75,56.08,54.36,55.14,55.14,4418900,2021,7,22
2021-07-23,55.66,55.73,54.47,54.9,54.9,2730200,2021,7,23
2021-07-24,55.66,55.73,54.47,54.9,54.9,0,2021,7,24
2021-07-25,55.66,55.73,54.47,54.9,54.9,0,2021,7,25
2021-07-26,54.89,55.9,53.76,54.39,54.39,3894400,2021,7,26
2021-07-27,53.74,53.99,52.2,53.32,53.32,3389600,2021,7,27
2021-07-28,53.96,55.79,53.71,55.77,55.77,4639100,2021,7,28
2021-07-29,55.3,57.53,54.81,56.74,56.74,4140100,2021,7,29
2021-07-30,56.08,56.69,55.08,55.32,55.32,2842200,2021,7,30
2021-07-31,56.08,56.69,55.08,55.32,55.32,0,2021,7,31
2021-08-01,56.08,56.69,55.08,55.32,55.32,0,2021,8,1
2021-08-02,54.97,57.76,54.76,56.0,56.0,4798900,2021,8,2
2021-08-03,56.36,56.36,53.84,55.38,55.38,9309600,2021,8,3
2021-08-04,54.03,54.27,49.44,49.53,49.53,21655100,2021,8,4
2021-08-05,49.6,53.75,49.53,52.42,52.42,10310800,2021,8,5
2021-08-06,52.51,53.6,52.22,52.44,52.44,4536100,2021,8,6
2021-08-07,52.51,53.6,52.22,52.44,52.44,0,2021,8,7
2021-08-08,52.51,53.6,52.22,52.44,52.44,0,2021,8,8
2021-08-09,52.12,52.6,51.17,52.13,52.13,3872200,2021,8,9
2021-08-10,52.58,54.03,52.53,53.85,53.85,3612600,2021,8,10
2021-08-11,53.44,54.04,52.03,53.91,53.91,4266600,2021,8,11
2021-08-12,54.61,54.82,53.02,53.82,53.82,3243400,2021,8,12
2021-08-13,53.91,54.15,52.94,53.39,53.39,2776800,2021,8,13
2021-08-14,53.91,54.15,52.94,53.39,53.39,0,2021,8,14
2021-08-15,53.91,54.15,52.94,53.39,53.39,0,2021,8,15
2021-08-16,52.58,52.58,50.37,50.83,50.83,4082600,2021,8,16
2021-08-17,50.05,50.5,48.19,49.11,49.11,5530100,2021,8,17
2021-08-18,49.16,50.61,48.89,49.58,49.58,3198200,2021,8,18
2021-08-19,49.2,49.3,46.35,46.79,46.79,7034400,2021,8,19
2021-08-20,46.34,46.49,44.77,45.89,45.89,11142100,2021,8,20
2021-08-21,46.34,46.49,44.77,45.89,45.89,0,2021,8,21
2021-08-22,46.34,46.49,44.77,45.89,45.89,0,2021,8,22
2021-08-23,44.49,47.25,44.06,47.24,47.24,9545800,2021,8,23
2021-08-24,47.42,48.27,47.3,47.67,47.67,7341500,2021,8,24
2021-08-25,47.88,49.56,46.86,49.43,49.43,5597600,2021,8,25
2021-08-26,49.36,50.45,48.16,48.6,48.6,3069600,2021,8,26
2021-08-27,48.12,49.25,48.12,48.39,48.39,2766900,2021,8,27
2021-08-28,48.12,49.25,48.12,48.39,48.39,0,2021,8,28
2021-08-29,48.12,49.25,48.12,48.39,48.39,0,2021,8,29
2021-08-30,48.43,48.71,46.92,47.13,47.13,4307000,2021,8,30
2021-08-31,47.16,48.1,47.13,47.61,47.61,5075600,2021,8,31
2021-09-01,48.0,49.59,47.84,48.37,48.37,4550300,2021,9,1
2021-09-02,49.0,49.97,48.2,49.3,49.3,3808300,2021,9,2
2021-09-03,49.19,49.19,47.73,48.21,48.21,3745900,2021,9,3
2021-09-04,49.19,49.19,47.73,48.21,48.21,0,2021,9,4
2021-09-05,49.19,49.19,47.73,48.21,48.21,0,2021,9,5
2021-09-06,49.19,49.19,47.73,48.21,48.21,0,2021,9,6
2021-09-07,48.58,50.83,48.45,50.59,50.59,6125700,2021,9,7
2021-09-08,50.48,51.24,49.03,49.81,49.81,3456300,2021,9,8
2021-09-09,49.47,51.12,49.3,50.51,50.51,3236100,2021,9,9
2021-09-10,51.19,51.7,49.98,50.01,50.01,3333000,2021,9,10
2021-09-11,51.19,51.7,49.98,50.01,50.01,0,2021,9,11
2021-09-12,51.19,51.7,49.98,50.01,50.01,0,2021,9,12
2021-09-13,50.94,52.55,49.48,51.84,51.84,4018700,2021,9,13
2021-09-14,51.59,52.21,50.08,50.53,50.53,5012700,2021,9,14
2021-09-15,50.85,51.2,50.01,51.01,51.01,3506300,2021,9,15
2021-09-16,50.75,52.47,50.58,52.39,52.39,4322600,2021,9,16
2021-09-17,52.77,53.09,51.62,52.18,52.18,5396500,2021,9,17
2021-09-18,52.77,53.09,51.62,52.18,52.18,0,2021,9,18
2021-09-19,52.77,53.09,51.62,52.18,52.18,0,2021,9,19
2021-09-20,50.43,52.08,50.3,51.12,51.12,4322700,2021,9,20
2021-09-21,52.65,55.02,52.14,54.45,54.45,8427100,2021,9,21
2021-09-22,54.96,55.77,54.51,54.69,54.69,4972000,2021,9,22
2021-09-23,55.42,56.14,54.81,55.64,55.64,5155000,2021,9,23
2021-09-24,55.07,56.16,55.01,55.86,55.86,3322400,2021,9,24
2021-09-25,55.07,56.16,55.01,55.86,55.86,0,2021,9,25
2021-09-26,55.07,56.16,55.01,55.86,55.86,0,2021,9,26
2021-09-27,55.78,56.7,55.49,55.98,55.98,3253900,2021,9,27
2021-09-28,55.7,56.02,54.01,54.18,54.18,2757800,2021,9,28
2021-09-29,54.94,54.94,53.19,53.32,53.32,3162800,2021,9,29
2021-09-30,53.22,53.95,52.33,53.59,53.59,3454500,2021,9,30
2021-10-01,54.4,55.76,53.87,55.48,55.48,4369200,2021,10,1
2021-10-02,54.4,55.76,53.87,55.48,55.48,0,2021,10,2
2021-10-03,54.4,55.76,53.87,55.48,55.48,0,2021,10,3
2021-10-04,54.41,54.91,52.8,53.68,53.68,3905400,2021,10,4
2021-10-05,53.93,54.26,52.89,52.92,52.92,2881200,2021,10,5
2021-10-06,52.59,54.4,52.29,54.16,54.16,3466300,2021,10,6
2021-10-07,54.56,56.1,54.17,54.7,54.7,3813900,2021,10,7
2021-10-08,55.02,56.61,54.31,54.89,54.89,3234700,2021,10,8
2021-10-09,55.02,56.61,54.31,54.89,54.89,0,2021,10,9
2021-10-10,55.02,56.61,54.31,54.89,54.89,0,2021,10,10
2021-10-11,54.79,54.91,52.8,52.8,52.8,2971100,2021,10,11
2021-10-12,53.0,53.19,52.15,52.55,52.55,2978500,2021,10,12
2021-10-13,52.52,53.45,51.92,53.24,53.24,2884900,2021,10,13
2021-10-14,53.24,53.26,50.28,50.51,50.51,9119000,2021,10,14
2021-10-15,50.9,52.75,50.05,51.58,51.58,6396700,2021,10,15
2021-10-16,50.9,52.75,50.05,51.58,51.58,0,2021,10,16
2021-10-17,50.9,52.75,50.05,51.58,51.58,0,2021,10,17
2021-10-18,50.76,51.41,50.46,50.47,50.47,3437800,2021,10,18
2021-10-19,50.69,50.73,49.43,50.04,50.04,4930500,2021,10,19
2021-10-20,50.07,50.78,49.3,49.41,49.41,3245900,2021,10,20
2021-10-21,49.45,50.69,49.35,49.57,49.57,3885500,2021,10,21
2021-10-22,49.1,49.32,48.07,48.32,48.32,2983700,2021,10,22
2021-10-23,49.1,49.32,48.07,48.32,48.32,0,2021,10,23
2021-10-24,49.1,49.32,48.07,48.32,48.32,0,2021,10,24
2021-10-25,48.34,49.14,47.76,48.12,48.12,2914400,2021,10,25
2021-10-26,48.77,49.39,47.42,47.54,47.54,3616500,2021,10,26
2021-10-27,47.8,48.24,46.48,46.72,46.72,4622200,2021,10,27
2021-10-28,46.86,47.41,46.36,46.92,46.92,3298400,2021,10,28
2021-10-29,46.84,47.15,45.51,45.87,45.87,4137000,2021,10,29
2021-10-30,46.84,47.15,45.51,45.87,45.87,0,2021,10,30
2021-10-31,46.84,47.15,45.51,45.87,45.87,0,2021,10,31
2021-11-01,45.77,46.5,45.02,46.4,46.4,5748600,2021,11,1
2021-11-02,46.69,46.82,44.05,45.32,45.32,14019600,2021,11,2
2021-11-03,51.55,52.08,48.35,49.03,49.03,20734500,2021,11,3
2021-11-04,49.24,50.61,48.21,49.14,49.14,6775900,2021,11,4
2021-11-05,51.15,54.0,51.15,53.55,53.55,13542000,2021,11,5
2021-11-06,51.15,54.0,51.15,53.55,53.55,0,2021,11,6
2021-11-07,51.15,54.0,51.15,53.55,53.55,0,2021,11,7
2021-11-08,53.98,56.38,53.61,55.24,55.24,7768800,2021,11,8
2021-11-09,55.19,56.3,54.08,56.26,56.26,6752000,2021,11,9
2021-11-10,55.43,57.68,53.84,54.6,54.6,8000900,2021,11,10
2021-11-11,54.84,54.96,52.84,53.18,53.18,5164100,2021,11,11
2021-11-12,53.39,53.47,52.28,52.96,52.96,3768600,2021,11,12
2021-11-13,53.39,53.47,52.28,52.96,52.96,0,2021,11,13
2021-11-14,53.39,53.47,52.28,52.96,52.96,0,2021,11,14
2021-11-15,53.0,53.59,50.98,51.66,51.66,4385900,2021,11,15
2021-11-16,52.11,52.69,51.24,51.28,51.28,3559100,2021,11,16
2021-11-17,50.77,51.15,49.09,49.71,49.71,4381700,2021,11,17
2021-11-18,49.7,49.7,48.12,49.29,49.29,3645800,2021,11,18
2021-11-19,48.8,48.8,47.29,47.51,47.51,4662000,2021,11,19
2021-11-20,48.8,48.8,47.29,47.51,47.51,0,2021,11,20
2021-11-21,48.8,48.8,47.29,47.51,47.51,0,2021,11,21
2021-11-22,47.29,47.41,43.7,45.48,45.48,9101500,2021,11,22
2021-11-23,45.39,46.48,44.53,45.67,45.67,5096400,2021,11,23
2021-11-24,44.56,44.8,43.3,44.52,44.52,5861700,2021,11,24
2021-11-25,44.56,44.8,43.3,44.52,44.52,0,2021,11,25
2021-11-26,41.68,42.58,40.41,42.4,42.4,7584300,2021,11,26
2021-11-27,41.68,42.58,40.41,42.4,42.4,0,2021,11,27
2021-11-28,41.68,42.58,40.41,42.4,42.4,0,2021,11,28
2021-11-29,43.0,43.62,40.83,41.82,41.82,6633400,2021,11,29
2021-11-30,41.24,41.8,39.03,40.61,40.61,10057200,2021,11,30
2021-12-01,41.74,41.95,37.97,38.22,38.22,8231000,2021,12,1
2021-12-02,39.3,41.39,38.42,41.15,41.15,10766400,2021,12,2
2021-12-03,40.9,41.05,38.26,39.47,39.47,7656700,2021,12,3
2021-12-04,40.9,41.05,38.26,39.47,39.47,0,2021,12,4
2021-12-05,40.9,41.05,38.26,39.47,39.47,0,2021,12,5
2021-12-06,39.71,42.6,38.95,41.95,41.95,7735000,2021,12,6
2021-12-07,42.88,43.83,41.17,41.41,41.41,7956000,2021,12,7
2021-12-08,41.99,43.06,41.41,42.21,42.21,5472600,2021,12,8
2021-12-09,41.71,42.24,40.7,40.76,40.76,4556700,2021,12,9
2021-12-10,41.08,41.4,39.04,39.51,39.51,5170800,2021,12,10
2021-12-11,41.08,41.4,39.04,39.51,39.51,0,2021,12,11
2021-12-12,41.08,41.4,39.04,39.51,39.51,0,2021,12,12
2021-12-13,39.0,39.25,37.71,38.41,38.41,7789200,2021,12,13
2021-12-14,38.26,40.91,38.07,38.98,38.98,10123200,2021,12,14
2021-12-15,38.89,39.25,37.32,38.42,38.42,7238700,2021,12,15
2021-12-16,38.81,39.22,37.19,37.46,37.46,4403000,2021,12,16
2021-12-17,37.18,38.53,36.25,38.07,38.07,8219000,2021,12,17
2021-12-18,37.18,38.53,36.25,38.07,38.07,0,2021,12,18
2021-12-19,37.18,38.53,36.25,38.07,38.07,0,2021,12,19
2021-12-20,37.52,39.12,36.71,38.62,38.62,4875000,2021,12,20
2021-12-21,39.03,41.06,38.92,40.91,40.91,5947800,2021,12,21
2021-12-22,40.8,42.71,40.73,42.46,42.46,6219400,2021,12,22
2021-12-23,43.07,44.61,42.99,44.18,44.18,6242300,2021,12,23
2021-12-24,43.07,44.61,42.99,44.18,44.18,0,2021,12,24
2021-12-25,43.07,44.61,42.99,44.18,44.18,0,2021,12,25
2021-12-26,43.07,44.61,42.99,44.18,44.18,0,2021,12,26
2021-12-27,43.94,44.56,43.22,44.03,44.03,3966800,2021,12,27
2021-12-28,43.78,44.66,43.03,43.52,43.52,3401100,2021,12,28
2021-12-29,43.43,43.62,42.2,43.24,43.24,3147200,2021,12,29
2021-12-30,42.54,44.35,42.54,43.49,43.49,3436600,2021,12,30
2021-12-31,43.32,44.09,42.64,42.73,42.73,3235300,2021,12,31
2022-01-01,43.32,44.09,42.64,42.73,42.73,0,2022,1,1
2022-01-02,43.32,44.09,42.64,42.73,42.73,0,2022,1,2
2022-01-03,43.39,44.96,42.62,44.59,44.59,4975300,2022,1,3
2022-01-04,44.66,45.28,43.69,44.95,44.95,5650500,2022,1,4
2022-01-05,44.9,46.64,43.49,43.59,43.59,5505300,2022,1,5
2022-01-06,44.13,44.98,42.59,43.6,43.6,4787500,2022,1,6
2022-01-07,42.7,44.24,42.5,43.1,43.1,5570200,2022,1,7
2022-01-08,42.7,44.24,42.5,43.1,43.1,0,2022,1,8
2022-01-09,42.7,44.24,42.5,43.1,43.1,0,2022,1,9
2022-01-10,42.96,44.22,41.61,44.13,44.13,5061800,2022,1,10
2022-01-11,43.78,45.81,43.58,44.5,44.5,6345700,2022,1,11
2022-01-12,44.39,44.4,42.3,42.38,42.38,7169700,2022,1,12
2022-01-13,42.68,43.43,42.13,42.6,42.6,5607100,2022,1,13
2022-01-14,42.21,42.6,40.71,41.26,41.26,5620900,2022,1,14
2022-01-15,42.21,42.6,40.71,41.26,41.26,0,2022,1,15
2022-01-16,42.21,42.6,40.71,41.26,41.26,0,2022,1,16
2022-01-17,42.21,42.6,40.71,41.26,41.26,0,2022,1,17
2022-01-18,40.89,40.94,38.4,38.43,38.43,6903400,2022,1,18
2022-01-19,38.5,38.83,36.83,36.91,36.91,6943300,2022,1,19
2022-01-20,36.97,39.93,36.92,37.6,37.6,8194300,2022,1,20
2022-01-21,36.71,37.59,35.8,36.8,36.8,8478100,2022,1,21
2022-01-22,36.71,37.59,35.8,36.8,36.8,0,2022,1,22
2022-01-23,36.71,37.59,35.8,36.8,36.8,0,2022,1,23
2022-01-24,35.88,37.22,34.47,37.13,37.13,7779300,2022,1,24
2022-01-25,36.07,37.08,35.42,36.22,36.22,6959300,2022,1,25
2022-01-26,37.17,38.17,35.6,35.68,35.68,7512300,2022,1,26
2022-01-27,36.19,36.4,34.84,34.93,34.93,6314500,2022,1,27
2022-01-28,34.8,35.8,33.94,35.75,35.75,5044100,2022,1,28
2022-01-29,34.8,35.8,33.94,35.75,35.75,0,2022,1,29
2022-01-30,34.8,35.8,33.94,35.75,35.75,0,2022,1,30
2022-01-31,35.59,38.61,35.58,38.52,38.52,6836100,2022,1,31
2022-02-01,39.04,39.53,38.15,39.42,39.42,4596400,2022,2,1
2022-02-02,39.58,39.59,38.04,38.44,38.44,3970700,2022,2,2
2022-02-03,37.67,37.98,36.23,36.36,36.36,4777100,2022,2,3
2022-02-04,36.52,38.05,36.26,37.68,37.68,4289000,2022,2,4
2022-02-05,36.52,38.05,36.26,37.68,37.68,0,2022,2,5
2022-02-06,36.52,38.05,36.26,37.68,37.68,0,2022,2,6
2022-02-07,37.83,40.15,37.83,39.1,39.1,7371500,2022,2,7
2022-02-08,38.73,41.4,38.3,41.2,41.2,20228400,2022,2,8
2022-02-09,40.28,44.17,38.8,44.0,44.0,25765800,2022,2,9
2022-02-10,43.6,45.65,41.71,42.1,42.1,24087900,2022,2,10
2022-02-11,42.15,42.56,38.94,39.99,39.99,10544600,2022,2,11
2022-02-12,42.15,42.56,38.94,39.99,39.99,0,2022,2,12
2022-02-13,42.15,42.56,38.94,39.99,39.99,0,2022,2,13
2022-02-14,39.98,40.99,39.42,39.99,39.99,5718400,2022,2,14
2022-02-15,41.0,43.52,40.73,43.5,43.5,6474000,2022,2,15
2022-02-16,43.01,44.5,42.81,43.82,43.82,7198400,2022,2,16
2022-02-17,43.16,43.96,42.37,42.9,42.9,4367400,2022,2,17
2022-02-18,42.9,43.11,41.04,41.26,41.26,5786900,2022,2,18
2022-02-19,42.9,43.11,41.04,41.26,41.26,0,2022,2,19
2022-02-20,42.9,43.11,41.04,41.26,41.26,0,2022,2,20
2022-02-21,42.9,43.11,41.04,41.26,41.26,0,2022,2,21
2022-02-22,40.84,41.38,37.82,38.88,38.88,9340500,2022,2,22
2022-02-23,39.24,39.58,37.29,37.43,37.43,5046000,2022,2,23
2022-02-24,34.82,38.81,34.58,38.77,38.77,8756600,2022,2,24
2022-02-25,39.15,39.2,37.64,38.61,38.61,6208500,2022,2,25
2022-02-26,39.15,39.2,37.64,38.61,38.61,0,2022,2,26
2022-02-27,39.15,39.2,37.64,38.61,38.61,0,2022,2,27
2022-02-28,38.15,39.43,37.92,38.94,38.94,6901400,2022,2,28
2022-03-01,38.51,38.61,36.52,37.68,37.68,5937400,2022,3,1
2022-03-02,38.05,39.07,37.46,38.93,38.93,4479200,2022,3,2
2022-03-03,38.94,39.4,36.57,36.98,36.98,4316000,2022,3,3
2022-03-04,36.46,37.08,34.7,35.28,35.28,7619000,2022,3,4
2022-03-05,36.46,37.08,34.7,35.28,35.28,0,2022,3,5
2022-03-06,36.46,37.08,34.7,35.28,35.28,0,2022,3,6
2022-03-07,36.92,38.07,34.44,34.48,34.48,8673500,2022,3,7
2022-03-08,34.4,37.74,34.13,36.54,36.54,8070900,2022,3,8
2022-03-09,38.01,39.43,37.47,37.8,37.8,7336400,2022,3,9
2022-03-10,36.83,37.95,36.61,37.63,37.63,3869200,2022,3,10
2022-03-11,38.07,38.39,37.18,37.25,37.25,2798800,2022,3,11
2022-03-12,38.07,38.39,37.18,37.25,37.25,0,2022,3,12
2022-03-13,38.07,38.39,37.18,37.25,37.25,0,2022,3,13
2022-03-14,37.06,37.08,35.08,35.39,35.39,5478600,2022,3,14
2022-03-15,35.75,36.98,34.96,35.74,35.74,6629500,2022,3,15
2022-03-16,36.76,37.9,36.21,37.86,37.86,6779300,2022,3,16
2022-03-17,37.85,37.91,36.62,37.79,37.79,4810800,2022,3,17
2022-03-18,37.61,38.68,37.53,38.62,38.62,5562000,2022,3,18
2022-03-19,37.61,38.68,37.53,38.62,38.62,0,2022,3,19
2022-03-20,37.61,38.68,37.53,38.62,38.62,0,2022,3,20
2022-03-21,37.91,38.0,36.22,36.85,36.85,5596700,2022,3,21
2022-03-22,37.14,38.61,36.87,38.25,38.25,4818500,2022,3,22
2022-03-23,37.98,38.74,37.53,38.43,38.43,5154000,2022,3,23
2022-03-24,38.43,39.02,37.12,38.98,38.98,4886400,2022,3,24
2022-03-25,39.0,39.0,37.21,37.51,37.51,3394200,2022,3,25
2022-03-26,39.0,39.0,37.21,37.51,37.51,0,2022,3,26
2022-03-27,39.0,39.0,37.21,37.51,37.51,0,2022,3,27
2022-03-28,37.54,37.83,36.5,37.59,37.59,4280200,2022,3,28
2022-03-29,38.04,40.46,38.04,40.16,40.16,7119000,2022,3,29
2022-03-30,39.75,40.0,38.22,38.65,38.65,3777200,2022,3,30
2022-03-31,38.8,38.96,37.63,38.4,38.4,4736200,2022,3,31
2022-04-01,38.4,38.9,37.24,37.52,37.52,4260500,2022,4,1
2022-04-02,38.4,38.9,37.24,37.52,37.52,0,2022,4,2
2022-04-03,38.4,38.9,37.24,37.52,37.52,0,2022,4,3
2022-04-04,37.93,39.31,37.66,38.96,38.96,3527000,2022,4,4
2022-04-05,38.98,39.13,37.03,37.15,37.15,4198700,2022,4,5
2022-04-06,36.38,36.51,34.89,36.08,36.08,6662400,2022,4,6
2022-04-07,36.09,36.22,33.6,34.61,34.61,6403800,2022,4,7
2022-04-08,34.19,34.5,33.37,33.59,33.59,4705300,2022,4,8
2022-04-09,34.19,34.5,33.37,33.59,33.59,0,2022,4,9
2022-04-10,34.19,34.5,33.37,33.59,33.59,0,2022,4,10
2022-04-11,32.93,34.03,32.35,33.32,33.32,4052400,2022,4,11
2022-04-12,33.62,34.39,33.13,33.45,33.45,3880500,2022,4,12
2022-04-13,33.56,34.94,33.4,34.8,34.8,4059200,2022,4,13
2022-04-14,35.06,36.1,34.77,35.54,35.54,5632500,2022,4,14
2022-04-15,35.06,36.1,34.77,35.54,35.54,0,2022,4,15
2022-04-16,35.06,36.1,34.77,35.54,35.54,0,2022,4,16
2022-04-17,35.06,36.1,34.77,35.54,35.54,0,2022,4,17
2022-04-18,35.29,35.65,34.38,34.61,34.61,3041000,2022,4,18
2022-04-19,34.96,36.43,34.85,36.31,36.31,3967100,2022,4,19
2022-04-20,36.5,36.79,35.61,35.7,35.7,3289300,2022,4,20
2022-04-21,36.59,36.92,33.97,34.11,34.11,6109200,2022,4,21
2022-04-22,34.14,34.57,32.87,33.16,33.16,3653200,2022,4,22
2022-04-23,34.14,34.57,32.87,33.16,33.16,0,2022,4,23
2022-04-24,34.14,34.57,32.87,33.16,33.16,0,2022,4,24
2022-04-25,32.85,34.12,32.71,33.91,33.91,5292700,2022,4,25
2022-04-26,33.36,33.74,32.4,32.45,32.45,4226700,2022,4,26
2022-04-27,32.07,33.0,31.52,32.23,32.23,4989000,2022,4,27
2022-04-28,32.9,33.83,31.88,33.56,33.56,4543900,2022,4,28
2022-04-29,33.26,34.35,32.56,32.6,32.6,4723100,2022,4,29
2022-04-30,33.26,34.35,32.56,32.6,32.6,0,2022,4,30
2022-05-01,33.26,34.35,32.56,32.6,32.6,0,2022,5,1
2022-05-02,32.26,32.53,29.93,31.5,31.5,11738200,2022,5,2
2022-05-03,31.39,31.65,30.06,30.76,30.76,24562300,2022,5,3
2022-05-04,22.27,22.46,20.02,21.56,21.56,112518800,2022,5,4
2022-05-05,21.6,22.82,21.21,22.03,22.03,43122300,2022,5,5
2022-05-06,21.7,21.72,19.59,20.51,20.51,28942200,2022,5,6
2022-05-07,21.7,21.72,19.59,20.51,20.51,0,2022,5,7
2022-05-08,21.7,21.72,19.59,20.51,20.51,0,2022,5,8
2022-05-09,19.85,20.64,18.4,18.61,18.61,22056800,2022,5,9
2022-05-10,18.94,19.63,18.2,19.0,19.0,21736800,2022,5,10
2022-05-11,18.95,19.37,17.52,17.72,17.72,21542400,2022,5,11
2022-05-12,17.26,19.0,17.24,18.59,18.59,16174800,2022,5,12
2022-05-13,18.86,20.18,18.86,20.0,20.0,12841800,2022,5,13
2022-05-14,18.86,20.18,18.86,20.0,20.0,0,2022,5,14
2022-05-15,18.86,20.18,18.86,20.0,20.0,0,2022,5,15
2022-05-16,19.85,20.03,19.11,19.14,19.14,9447600,2022,5,16
2022-05-17,19.51,20.18,19.13,19.72,19.72,10205900,2022,5,17
2022-05-18,19.53,19.69,18.12,18.15,18.15,13838300,2022,5,18
2022-05-19,18.21,19.57,18.17,19.29,19.29,11638000,2022,5,19
2022-05-20,19.48,19.56,18.02,19.07,19.07,12774500,2022,5,20
2022-05-21,19.48,19.56,18.02,19.07,19.07,0,2022,5,21
2022-05-22,19.48,19.56,18.02,19.07,19.07,0,2022,5,22
2022-05-23,19.2,20.24,18.68,20.21,20.21,11299800,2022,5,23
2022-05-24,19.75,19.78,16.57,16.72,16.72,18054600,2022,5,24
2022-05-25,16.77,17.15,16.33,16.65,16.65,16228500,2022,5,25
2022-05-26,16.8,17.8,16.61,17.68,17.68,14710200,2022,5,26
2022-05-27,17.96,18.24,17.68,17.77,17.77,11974700,2022,5,27
2022-05-28,17.96,18.24,17.68,17.77,17.77,0,2022,5,28
2022-05-29,17.96,18.24,17.68,17.77,17.77,0,2022,5,29
2022-05-30,17.96,18.24,17.68,17.77,17.77,0,2022,5,30
2022-05-31,17.68,18.31,17.36,17.68,17.68,11197900,2022,5,31
2022-06-01,17.63,17.98,16.98,17.06,17.06,10384700,2022,6,1
2022-06-02,17.01,18.47,17.0,18.37,18.37,9383000,2022,6,2
2022-06-03,17.97,18.1,17.31,17.4,17.4,8264000,2022,6,3
2022-06-04,17.97,18.1,17.31,17.4,17.4,0,2022,6,4
2022-06-05,17.97,18.1,17.31,17.4,17.4,0,2022,6,5
2022-06-06,17.78,17.91,16.77,17.16,17.16,10924300,2022,6,6
2022-06-07,16.9,17.43,16.77,17.21,17.21,7785100,2022,6,7
2022-06-08,17.25,17.8,17.21,17.63,17.63,13225300,2022,6,8
2022-06-09,17.39,17.87,16.91,16.94,16.94,9674800,2022,6,9
2022-06-10,16.58,16.96,15.75,15.77,15.77,10767000,2022,6,10
2022-06-11,16.58,16.96,15.75,15.77,15.77,0,2022,6,11
2022-06-12,16.58,16.96,15.75,15.77,15.77,0,2022,6,12
2022-06-13,15.08,15.23,14.18,14.29,14.29,13251900,2022,6,13
2022-06-14,14.53,14.64,13.92,14.16,14.16,9608500,2022,6,14
2022-06-15,14.33,15.43,14.32,15.16,15.16,14019200,2022,6,15
2022-06-16,14.65,14.9,13.73,13.88,13.88,9558900,2022,6,16
2022-06-17,14.01,14.94,13.95,14.89,14.89,13349500,2022,6,17
2022-06-18,14.01,14.94,13.95,14.89,14.89,0,2022,6,18
2022-06-19,14.01,14.94,13.95,14.89,14.89,0,2022,6,19
2022-06-20,14.01,14.94,13.95,14.89,14.89,0,2022,6,20
2022-06-21,15.24,15.5,14.64,14.67,14.67,10831800,2022,6,21
2022-06-22,14.43,15.34,14.38,14.83,14.83,7721000,2022,6,22
2022-06-23,14.85,15.95,14.57,15.88,15.88,10774900,2022,6,23
2022-06-24,15.81,16.54,15.74,16.34,16.34,12218500,2022,6,24
2022-06-25,15.81,16.54,15.74,16.34,16.34,0,2022,6,25
2022-06-26,15.81,16.54,15.74,16.34,16.34,0,2022,6,26
2022-06-27,16.49,16.73,15.78,15.89,15.89,8555800,2022,6,27
2022-06-28,15.95,16.16,14.6,14.61,14.61,15581600,2022,6,28
2022-06-29,14.58,14.58,13.85,14.03,14.03,12088000,2022,6,29
2022-06-30,13.78,13.86,13.06,13.28,13.28,11812400,2022,6,30
2022-07-01,13.38,13.7,13.13,13.48,13.48,9734300,2022,7,1
2022-07-02,13.38,13.7,13.13,13.48,13.48,0,2022,7,2
2022-07-03,13.38,13.7,13.13,13.48,13.48,0,2022,7,3
2022-07-04,13.38,13.7,13.13,13.48,13.48,0,2022,7,4
2022-07-05,13.13,14.03,12.79,14.0,14.0,13045800,2022,7,5
2022-07-06,13.78,13.93,13.14,13.22,13.22,16466900,2022,7,6
2022-07-07,13.29,13.81,13.17,13.76,13.76,19296800,2022,7,7
2022-07-08,13.67,13.82,13.05,13.4,13.4,16036200,2022,7,8
2022-07-09,13.67,13.82,13.05,13.4,13.4,0,2022,7,9
2022-07-10,13.67,13.82,13.05,13.4,13.4,0,2022,7,10
2022-07-11,13.18,13.39,12.34,12.36,12.36,17393400,2022,7,11
2022-07-12,12.35,12.77,12.35,12.61,12.61,12376500,2022,7,12
2022-07-13,12.24,12.6,11.96,12.51,12.51,10535300,2022,7,13
2022-07-14,12.3,12.48,12.02,12.09,12.09,11913200,2022,7,14
2022-07-15,12.31,13.03,12.14,12.94,12.94,13497100,2022,7,15
2022-07-16,12.31,13.03,12.14,12.94,12.94,0,2022,7,16
2022-07-17,12.31,13.03,12.14,12.94,12.94,0,2022,7,17
2022-07-18,13.21,13.99,13.17,13.41,13.41,15973000,2022,7,18
2022-07-19,13.52,13.83,13.3,13.66,13.66,9009300,2022,7,19
2022-07-20,13.79,14.81,13.79,14.7,14.7,14194700,2022,7,20
2022-07-21,14.39,14.53,13.99,14.17,14.17,10305100,2022,7,21
2022-07-22,14.32,14.47,13.46,13.54,13.54,8055100,2022,7,22
2022-07-23,14.32,14.47,13.46,13.54,13.54,0,2022,7,23
2022-07-24,14.32,14.47,13.46,13.54,13.54,0,2022,7,24
2022-07-25,13.52,13.53,13.02,13.31,13.31,7564000,2022,7,25
2022-07-26,13.07,13.11,12.47,12.53,12.53,10823900,2022,7,26
2022-07-27,12.83,13.38,12.52,13.31,13.31,10838900,2022,7,27
2022-07-28,13.33,13.89,13.05,13.88,13.88,11858900,2022,7,28
2022-07-29,13.7,13.89,13.19,13.86,13.86,11762900,2022,7,29
2022-07-30,13.7,13.89,13.19,13.86,13.86,0,2022,7,30
2022-07-31,13.7,13.89,13.19,13.86,13.86,0,2022,7,31
2022-08-01,13.64,14.14,13.17,13.9,13.9,12540900,2022,8,1
2022-08-02,15.25,16.22,15.15,16.16,16.16,29803800,2022,8,2
2022-08-03,16.35,16.92,16.24,16.71,16.71,23366300,2022,8,3
2022-08-04,16.74,17.45,16.74,17.39,17.39,27582400,2022,8,4
2022-08-05,18.21,20.35,17.92,20.28,20.28,47487000,2022,8,5
2022-08-06,18.21,20.35,17.92,20.28,20.28,0,2022,8,6
2022-08-07,18.21,20.35,17.92,20.28,20.28,0,2022,8,7
2022-08-08,20.06,21.52,19.78,19.83,19.83,23531700,2022,8,8
2022-08-09,19.38,19.63,18.66,18.67,18.67,14189900,2022,8,9
2022-08-10,19.7,20.13,19.15,19.4,19.4,15119400,2022,8,10
2022-08-11,19.81,20.55,18.88,18.9,18.9,12045300,2022,8,11
2022-08-12,19.17,19.43,18.58,19.4,19.4,11344600,2022,8,12
2022-08-13,19.17,19.43,18.58,19.4,19.4,0,2022,8,13
2022-08-14,19.17,19.43,18.58,19.4,19.4,0,2022,8,14
2022-08-15,19.11,19.85,18.86,19.29,19.29,7992300,2022,8,15
2022-08-16,19.12,19.73,18.68,19.34,19.34,9512600,2022,8,16
2022-08-17,18.8,18.93,17.8,17.97,17.97,14805400,2022,8,17
2022-08-18,17.98,18.02,17.58,17.6,17.6,6607800,2022,8,18
2022-08-19,17.27,17.37,16.57,16.65,16.65,10492100,2022,8,19
2022-08-20,17.27,17.37,16.57,16.65,16.65,0,2022,8,20
2022-08-21,17.27,17.37,16.57,16.65,16.65,0,2022,8,21
2022-08-22,16.26,16.43,15.18,15.52,15.52,17169900,2022,8,22
2022-08-23,15.65,15.8,15.32,15.35,15.35,8054900,2022,8,23
2022-08-24,15.23,15.92,15.16,15.39,15.39,9291000,2022,8,24
2022-08-25,15.55,15.92,15.35,15.84,15.84,7546700,2022,8,25
2022-08-26,15.78,16.0,14.88,14.97,14.97,10281400,2022,8,26
2022-08-27,15.78,16.0,14.88,14.97,14.97,0,2022,8,27
2022-08-28,15.78,16.0,14.88,14.97,14.97,0,2022,8,28
2022-08-29,14.78,15.26,14.71,14.73,14.73,7966300,2022,8,29
2022-08-30,15.02,15.13,14.47,14.72,14.72,9975200,2022,8,30
2022-08-31,15.0,15.34,14.66,14.73,14.73,10569600,2022,8,31
2022-09-01,14.45,14.68,13.71,14.67,14.67,11527300,2022,9,1
2022-09-02,14.91,15.03,14.34,14.6,14.6,7850100,2022,9,2
2022-09-03,14.91,15.03,14.34,14.6,14.6,0,2022,9,3
2022-09-04,14.91,15.03,14.34,14.6,14.6,0,2022,9,4
2022-09-05,14.91,15.03,14.34,14.6,14.6,0,2022,9,5
2022-09-06,14.68,14.69,13.77,13.97,13.97,9940300,2022,9,6
2022-09-07,13.9,14.76,13.88,14.69,14.69,8675500,2022,9,7
2022-09-08,14.51,17.21,14.26,17.17,17.17,42151500,2022,9,8
2022-09-09,17.1,18.36,17.07,18.11,18.11,26673700,2022,9,9
2022-09-10,17.1,18.36,17.07,18.11,18.11,0,2022,9,10
2022-09-11,17.1,18.36,17.07,18.11,18.11,0,2022,9,11
2022-09-12,18.18,18.58,17.86,18.19,18.19,15246200,2022,9,12
2022-09-13,17.38,17.77,16.79,16.88,16.88,13112900,2022,9,13
2022-09-14,16.81,17.13,16.32,17.11,17.11,11469900,2022,9,14
2022-09-15,17.0,18.08,16.86,16.99,16.99,11553900,2022,9,15
2022-09-16,16.27,16.57,16.02,16.27,16.27,13725200,2022,9,16
2022-09-17,16.27,16.57,16.02,16.27,16.27,0,2022,9,17
2022-09-18,16.27,16.57,16.02,16.27,16.27,0,2022,9,18
2022-09-19,16.13,16.39,15.92,16.24,16.24,13940600,2022,9,19
2022-09-20,16.03,17.44,16.02,16.87,16.87,17465600,2022,9,20
2022-09-21,16.84,16.88,15.8,15.94,15.94,14774700,2022,9,21
2022-09-22,15.75,15.91,14.66,14.69,14.69,18091100,2022,9,22
2022-09-23,14.25,14.4,13.7,13.99,13.99,15249200,2022,9,23
2022-09-24,14.25,14.4,13.7,13.99,13.99,0,2022,9,24
2022-09-25,14.25,14.4,13.7,13.99,13.99,0,2022,9,25
2022-09-26,13.5,13.99,13.41,13.52,13.52,17830600,2022,9,26
2022-09-27,13.89,14.35,13.74,14.16,14.16,11694200,2022,9,27
2022-09-28,14.03,14.62,13.8,14.5,14.5,14729800,2022,9,28
2022-09-29,14.14,14.26,13.05,13.48,13.48,16690400,2022,9,29
2022-09-30,13.41,13.81,13.13,13.17,13.17,9049200,2022,9,30
2022-10-01,13.41,13.81,13.13,13.17,13.17,0,2022,10,1
2022-10-02,13.41,13.81,13.13,13.17,13.17,0,2022,10,2
2022-10-03,13.19,13.22,12.47,12.95,12.95,14537900,2022,10,3
2022-10-04,13.41,13.89,13.41,13.8,13.8,15195600,2022,10,4
2022-10-05,13.31,13.92,13.22,13.75,13.75,9669100,2022,10,5
2022-10-06,13.76,14.23,13.43,13.7,13.7,9195100,2022,10,6
2022-10-07,13.02,13.1,12.32,12.51,12.51,16712700,2022,10,7
2022-10-08,13.02,13.1,12.32,12.51,12.51,0,2022,10,8
2022-10-09,13.02,13.1,12.32,12.51,12.51,0,2022,10,9
2022-10-10,12.81,13.01,12.36,12.81,12.81,11877900,2022,10,10
2022-10-11,12.19,12.3,10.82,11.27,11.27,39753100,2022,10,11
2022-10-12,11.62,12.15,11.5,11.9,11.9,19996100,2022,10,12
2022-10-13,11.35,12.23,11.21,11.99,11.99,13878400,2022,10,13
2022-10-14,12.21,12.4,11.73,11.77,11.77,9546000,2022,10,14
2022-10-15,12.21,12.4,11.73,11.77,11.77,0,2022,10,15
2022-10-16,12.21,12.4,11.73,11.77,11.77,0,2022,10,16
2022-10-17,12.15,12.69,12.09,12.66,12.66,14033000,2022,10,17
2022-10-18,13.3,13.54,13.0,13.29,13.29,12383700,2022,10,18
2022-10-19,13.03,13.55,12.92,13.02,13.02,14397100,2022,10,19
2022-10-20,12.91,13.94,12.91,13.31,13.31,11105100,2022,10,20
2022-10-21,13.12,13.64,12.9,13.56,13.56,10990800,2022,10,21
2022-10-22,13.12,13.64,12.9,13.56,13.56,0,2022,10,22
2022-10-23,13.12,13.64,12.9,13.56,13.56,0,2022,10,23
2022-10-24,13.47,13.91,13.23,13.9,13.9,10128100,2022,10,24
2022-10-25,13.97,15.03,13.9,14.81,14.81,14506500,2022,10,25
2022-10-26,14.69,15.15,14.4,14.76,14.76,9423500,2022,10,26
2022-10-27,14.75,15.03,14.44,14.63,14.63,7604900,2022,10,27
2022-10-28,14.55,14.77,14.09,14.52,14.52,10749000,2022,10,28
2022-10-29,14.55,14.77,14.09,14.52,14.52,0,2022,10,29
2022-10-30,14.55,14.77,14.09,14.52,14.52,0,2022,10,30
2022-10-31,14.53,15.02,14.32,14.64,14.64,11140000,2022,10,31
2022-11-01,15.96,16.4,15.12,15.15,15.15,20388000,2022,11,1
2022-11-02,14.98,15.26,13.98,14.0,14.0,12427800,2022,11,2
2022-11-03,13.78,14.22,13.43,13.72,13.72,14173900,2022,11,3
2022-11-04,13.98,14.15,13.17,13.74,13.74,11873400,2022,11,4
2022-11-05,13.98,14.15,13.17,13.74,13.74,0,2022,11,5
2022-11-06,13.98,14.15,13.17,13.74,13.74,0,2022,11,6
2022-11-07,14.12,14.26,13.2,14.14,14.14,27568700,2022,11,7
2022-11-08,11.94,12.19,10.62,10.9,10.9,80955300,2022,11,8
2022-11-09,10.76,11.1,10.6,10.64,10.64,28137100,2022,11,9
2022-11-10,11.24,11.49,10.91,11.28,11.28,31008400,2022,11,10
2022-11-11,11.19,12.79,11.14,12.7,12.7,26140500,2022,11,11
2022-11-12,11.19,12.79,11.14,12.7,12.7,0,2022,11,12
2022-11-13,11.19,12.79,11.14,12.7,12.7,0,2022,11,13
2022-11-14,12.54,13.25,12.47,12.95,12.95,15062100,2022,11,14
2022-11-15,13.55,13.74,13.01,13.07,13.07,16226000,2022,11,15
2022-11-16,12.79,12.79,11.91,11.97,11.97,16593500,2022,11,16
2022-11-17,11.71,11.73,11.27,11.35,11.35,14255600,2022,11,17
2022-11-18,11.55,11.6,11.07,11.21,11.21,10511100,2022,11,18
2022-11-19,11.55,11.6,11.07,11.21,11.21,0,2022,11,19
2022-11-20,11.55,11.6,11.07,11.21,11.21,0,2022,11,20
2022-11-21,11.05,11.1,10.74,11.05,11.05,15314000,2022,11,21
2022-11-22,10.8,11.06,10.43,11.05,11.05,15220200,2022,11,22
2022-11-23,11.02,11.39,10.72,11.31,11.31,16125500,2022,11,23
2022-11-24,11.02,11.39,10.72,11.31,11.31,0,2022,11,24
2022-11-25,11.09,11.17,10.9,11.14,11.14,4981900,2022,11,25
2022-11-26,11.09,11.17,10.9,11.14,11.14,0,2022,11,26
2022-11-27,11.09,11.17,10.9,11.14,11.14,0,2022,11,27
2022-11-28,10.97,11.09,10.69,10.7,10.7,10906300,2022,11,28
2022-11-29,10.81,11.15,10.59,10.76,10.76,13346800,2022,11,29
2022-11-30,10.72,11.25,10.48,11.22,11.22,31346900,2022,11,30
2022-12-01,11.27,11.58,11.06,11.2,11.2,10777400,2022,12,1
2022-12-02,10.91,11.12,10.71,11.1,11.1,10285500,2022,12,2
2022-12-03,10.91,11.12,10.71,11.1,11.1,0,2022,12,3
2022-12-04,10.91,11.12,10.71,11.1,11.1,0,2022,12,4
2022-12-05,11.1,11.59,10.71,10.78,10.78,13843700,2022,12,5
2022-12-06,10.78,10.96,10.31,10.41,10.41,15257600,2022,12,6
2022-12-07,10.34,10.36,10.09,10.32,10.32,10740500,2022,12,7
2022-12-08,10.36,10.72,10.26,10.64,10.64,10387700,2022,12,8
2022-12-09,10.6,11.1,10.44,10.95,10.95,12491300,2022,12,9
2022-12-10,10.6,11.1,10.44,10.95,10.95,0,2022,12,10
2022-12-11,10.6,11.1,10.44,10.95,10.95,0,2022,12,11
2022-12-12,10.9,11.55,10.75,11.51,11.51,20538100,2022,12,12
2022-12-13,12.09,12.54,11.56,11.6,11.6,18781500,2022,12,13
2022-12-14,11.66,12.14,11.48,11.89,11.89,13563300,2022,12,14
2022-12-15,11.6,11.77,11.23,11.35,11.35,12223500,2022,12,15
2022-12-16,11.25,11.48,10.98,11.09,11.09,20147300,2022,12,16
2022-12-17,11.25,11.48,10.98,11.09,11.09,0,2022,12,17
2022-12-18,11.25,11.48,10.98,11.09,11.09,0,2022,12,18
2022-12-19,11.11,11.15,10.26,10.32,10.32,12151600,2022,12,19
2022-12-20,10.25,10.47,10.15,10.36,10.36,10131200,2022,12,20
2022-12-21,10.59,10.71,10.39,10.48,10.48,9699500,2022,12,21
2022-12-22,10.33,10.36,9.84,10.1,10.1,12757300,2022,12,22
2022-12-23,10.07,10.23,9.83,10.21,10.21,7836700,2022,12,23
2022-12-24,10.07,10.23,9.83,10.21,10.21,0,2022,12,24
2022-12-25,10.07,10.23,9.83,10.21,10.21,0,2022,12,25
2022-12-26,10.07,10.23,9.83,10.21,10.21,0,2022,12,26
2022-12-27,10.05,10.09,9.72,9.87,9.87,9661200,2022,12,27
2022-12-28,9.84,10.25,9.66,10.12,10.12,9531300,2022,12,28
2022-12-29,10.27,10.87,10.06,10.85,10.85,10395300,2022,12,29
2022-12-30,10.58,11.27,10.56,11.02,11.02,11302800,2022,12,30
2022-12-31,10.58,11.27,10.56,11.02,11.02,0,2022,12,31
2023-01-01,10.58,11.27,10.56,11.02,11.02,0,2023,1,1
2023-01-02,10.58,11.27,10.56,11.02,11.02,0,2023,1,2
2023-01-03,11.3,11.43,10.97,11.12,11.12,8644100,2023,1,3
2023-01-04,11.31,11.5,11.12,11.49,11.49,11343400,2023,1,4
2023-01-05,11.39,11.57,11.06,11.36,11.36,7601500,2023,1,5
2023-01-06,11.42,12.01,11.12,11.94,11.94,11954500,2023,1,6
2023-01-07,11.42,12.01,11.12,11.94,11.94,0,2023,1,7
2023-01-08,11.42,12.01,11.12,11.94,11.94,0,2023,1,8
2023-01-09,12.24,13.27,12.15,12.7,12.7,22063000,2023,1,9
2023-01-10,12.6,13.37,12.6,13.31,13.31,14150000,2023,1,10
2023-01-11,13.26,13.95,13.21,13.84,13.84,20206600,2023,1,11
2023-01-12,14.1,14.58,13.77,14.55,14.55,13261500,2023,1,12
2023-01-13,14.32,14.61,14.15,14.49,14.49,12249600,2023,1,13
2023-01-14,14.32,14.61,14.15,14.49,14.49,0,2023,1,14
2023-01-15,14.32,14.61,14.15,14.49,14.49,0,2023,1,15
2023-01-16,14.32,14.61,14.15,14.49,14.49,0,2023,1,16
2023-01-17,14.4,14.6,14.03,14.35,14.35,11654100,2023,1,17
2023-01-18,14.69,14.87,14.14,14.35,14.35,15556000,2023,1,18
2023-01-19,14.15,14.49,13.84,14.21,14.21,11483900,2023,1,19
2023-01-20,14.44,15.46,14.4,15.4,15.4,16875900,2023,1,20
2023-01-21,14.44,15.46,14.4,15.4,15.4,0,2023,1,21
2023-01-22,14.44,15.46,14.4,15.4,15.4,0,2023,1,22
2023-01-23,15.48,15.74,15.08,15.41,15.41,14384700,2023,1,23
2023-01-24,16.11,16.13,15.29,15.3,15.3,18609400,2023,1,24
2023-01-25,14.94,15.88,14.65,15.86,15.86,16116200,2023,1,25
2023-01-26,16.15,16.3,15.21,15.36,15.36,15725000,2023,1,26
2023-01-27,15.23,16.47,15.18,16.18,16.18,12648200,2023,1,27
2023-01-28,15.23,16.47,15.18,16.18,16.18,0,2023,1,28
2023-01-29,15.23,16.47,15.18,16.18,16.18,0,2023,1,29
2023-01-30,15.59,16.01,15.47,15.55,15.55,10076000,2023,1,30
2023-01-31,15.69,16.53,15.69,16.25,16.25,10345300,2023,1,31
2023-02-01,16.24,17.24,16.16,16.9,16.9,12936500,2023,2,1
2023-02-02,17.22,17.57,16.97,17.55,17.55,17475000,2023,2,2
2023-02-03,16.91,17.63,16.75,17.38,17.38,12202200,2023,2,3
2023-02-04,16.91,17.63,16.75,17.38,17.38,0,2023,2,4
2023-02-05,16.91,17.63,16.75,17.38,17.38,0,2023,2,5
2023-02-06,16.83,17.55,16.67,17.35,17.35,13691500,2023,2,6
2023-02-07,17.35,18.01,17.06,17.93,17.93,15692800,2023,2,7
2023-02-08,18.28,18.36,16.66,16.75,16.75,22771100,2023,2,8
2023-02-09,17.08,17.3,15.99,16.22,16.22,44423300,2023,2,9
2023-02-10,11.15,11.22,10.23,10.31,10.31,146014600,2023,2,10
2023-02-11,11.15,11.22,10.23,10.31,10.31,0,2023,2,11
2023-02-12,11.15,11.22,10.23,10.31,10.31,0,2023,2,12
2023-02-13,10.3,10.57,10.08,10.46,10.46,46640100,2023,2,13
2023-02-14,10.16,10.82,10.06,10.76,10.76,32194900,2023,2,14
2023-02-15,10.63,11.76,10.63,11.5,11.5,40714100,2023,2,15
2023-02-16,11.33,11.57,10.98,10.99,10.99,22914100,2023,2,16
2023-02-17,10.88,11.36,10.83,11.28,11.28,22224200,2023,2,17
2023-02-18,10.88,11.36,10.83,11.28,11.28,0,2023,2,18
2023-02-19,10.88,11.36,10.83,11.28,11.28,0,2023,2,19
2023-02-20,10.88,11.36,10.83,11.28,11.28,0,2023,2,20
2023-02-21,11.03,11.06,10.54,10.69,10.69,22151800,2023,2,21
2023-02-22,10.68,11.1,10.65,10.75,10.75,14045800,2023,2,22
2023-02-23,10.84,10.86,10.46,10.57,10.57,16384600,2023,2,23
2023-02-24,10.33,10.39,10.07,10.2,10.2,18861300,2023,2,24
2023-02-25,10.33,10.39,10.07,10.2,10.2,0,2023,2,25
2023-02-26,10.33,10.39,10.07,10.2,10.2,0,2023,2,26
2023-02-27,10.27,10.31,9.93,10.0,10.0,20278300,2023,2,27
2023-02-28,9.96,10.19,9.92,10.0,10.0,17437700,2023,2,28
2023-03-01,10.06,10.13,9.82,9.9,9.9,13376000,2023,3,1
2023-03-02,9.75,9.86,9.52,9.78,9.78,14665400,2023,3,2
2023-03-03,9.88,10.13,9.84,10.12,10.12,18169000,2023,3,3
2023-03-04,9.88,10.13,9.84,10.12,10.12,0,2023,3,4
2023-03-05,9.88,10.13,9.84,10.12,10.12,0,2023,3,5
2023-03-06,10.16,10.22,9.72,9.75,9.75,14274900,2023,3,6
2023-03-07,9.75,10.02,9.6,9.88,9.88,15170300,2023,3,7
2023-03-08,9.88,9.89,9.7,9.8,9.8,13763900,2023,3,8
2023-03-09,9.82,9.86,8.9,8.92,8.92,26556100,2023,3,9
2023-03-10,8.88,8.9,8.46,8.71,8.71,21511700,2023,3,10
2023-03-11,8.88,8.9,8.46,8.71,8.71,0,2023,3,11
2023-03-12,8.88,8.9,8.46,8.71,8.71,0,2023,3,12
2023-03-13,8.54,8.62,8.19,8.46,8.46,16899100,2023,3,13
2023-03-14,9.08,9.28,8.48,8.51,8.51,27042800,2023,3,14
2023-03-15,8.28,9.13,8.21,8.99,8.99,25014700,2023,3,15
2023-03-16,8.89,9.65,8.84,9.6,9.6,28538100,2023,3,16
2023-03-17,9.57,10.12,9.47,10.06,10.06,27384900,2023,3,17
2023-03-18,9.57,10.12,9.47,10.06,10.06,0,2023,3,18
2023-03-19,9.57,10.12,9.47,10.06,10.06,0,2023,3,19
2023-03-20,9.93,10.46,9.78,9.93,9.93,25829400,2023,3,20
2023-03-21,10.1,10.5,10.01,10.46,10.46,14821500,2023,3,21
2023-03-22,10.5,10.53,9.95,9.96,9.96,11948200,2023,3,22
2023-03-23,10.14,10.27,9.6,9.83,9.83,10429300,2023,3,23
2023-03-24,9.85,10.03,9.72,9.87,9.87,13154100,2023,3,24
2023-03-25,9.85,10.03,9.72,9.87,9.87,0,2023,3,25
2023-03-26,9.85,10.03,9.72,9.87,9.87,0,2023,3,26
2023-03-27,9.99,10.05,9.41,9.6,9.6,12934700,2023,3,27
2023-03-28,10.12,10.37,8.85,8.87,8.87,50052500,2023,3,28
2023-03-29,8.98,9.12,8.6,8.98,8.98,34720500,2023,3,29
2023-03-30,9.09,9.34,9.0,9.1,9.1,20019200,2023,3,30
2023-03-31,9.07,9.37,9.03,9.27,9.27,14839600,2023,3,31
2023-04-01,9.07,9.37,9.03,9.27,9.27,0,2023,4,1
2023-04-02,9.07,9.37,9.03,9.27,9.27,0,2023,4,2
2023-04-03,9.19,9.41,9.05,9.07,9.07,14578200,2023,4,3
2023-04-04,9.11,9.59,9.03,9.55,9.55,17606400,2023,4,4
2023-04-05,9.41,9.57,9.1,9.38,9.38,15603900,2023,4,5
2023-04-06,9.45,9.6,9.21,9.43,9.43,11325800,2023,4,6
2023-04-07,9.45,9.6,9.21,9.43,9.43,0,2023,4,7
2023-04-08,9.45,9.6,9.21,9.43,9.43,0,2023,4,8
2023-04-09,9.45,9.6,9.21,9.43,9.43,0,2023,4,9
2023-04-10,9.31,9.99,9.19,9.91,9.91,16390500,2023,4,10
2023-04-11,10.0,10.37,9.96,10.35,10.35,15286200,2023,4,11
2023-04-12,10.41,10.48,9.75,9.78,9.78,15528600,2023,4,12
2023-04-13,9.9,10.06,9.82,10.0,10.0,9639600,2023,4,13
2023-04-14,10.03,10.26,9.75,10.17,10.17,13299400,2023,4,14
2023-04-15,10.03,10.26,9.75,10.17,10.17,0,2023,4,15
2023-04-16,10.03,10.26,9.75,10.17,10.17,0,2023,4,16
2023-04-17,10.21,10.48,10.15,10.45,10.45,13894100,2023,4,17
2023-04-18,10.54,10.55,10.13,10.31,10.31,12387700,2023,4,18
2023-04-19,10.17,10.4,9.9,10.27,10.27,13434000,2023,4,19
2023-04-20,10.09,10.21,9.75,9.84,9.84,15183700,2023,4,20
2023-04-21,9.85,10.52,9.57,10.44,10.44,46675500,2023,4,21
2023-04-22,9.85,10.52,9.57,10.44,10.44,0,2023,4,22
2023-04-23,9.85,10.52,9.57,10.44,10.44,0,2023,4,23
2023-04-24,10.4,10.61,10.02,10.22,10.22,15187500,2023,4,24
2023-04-25,10.2,10.43,9.94,9.96,9.96,17607900,2023,4,25
2023-04-26,10.07,10.36,10.01,10.05,10.05,10276400,2023,4,26
2023-04-27,10.21,10.24,9.87,10.2,10.2,11684800,2023,4,27
2023-04-28,10.18,10.66,10.11,10.25,10.25,15748000,2023,4,28
2023-04-29,10.18,10.66,10.11,10.25,10.25,0,2023,4,29
2023-04-30,10.18,10.66,10.11,10.25,10.25,0,2023,4,30
2023-05-01,10.27,10.96,9.98,10.59,10.59,28061200,2023,5,1
2023-05-02,10.71,10.9,10.26,10.64,10.64,30958100,2023,5,2
2023-05-03,10.6,11.24,10.48,10.89,10.89,19683600,2023,5,3
2023-05-04,10.78,10.89,10.44,10.69,10.69,29406900,2023,5,4
2023-05-05,9.07,9.08,8.33,8.63,8.63,82406300,2023,5,5
2023-05-06,9.07,9.08,8.33,8.63,8.63,0,2023,5,6
2023-05-07,9.07,9.08,8.33,8.63,8.63,0,2023,5,7
2023-05-08,8.59,8.62,8.36,8.54,8.54,28005600,2023,5,8
2023-05-09,8.47,8.67,8.4,8.62,8.62,16335600,2023,5,9
2023-05-10,8.72,8.88,8.48,8.86,8.86,18792700,2023,5,10
2023-05-11,8.85,8.87,8.39,8.41,8.41,13736200,2023,5,11
2023-05-12,8.44,8.57,8.06,8.19,8.19,26407200,2023,5,12
2023-05-13,8.44,8.57,8.06,8.19,8.19,0,2023,5,13
2023-05-14,8.44,8.57,8.06,8.19,8.19,0,2023,5,14
2023-05-15,8.1,8.65,8.07,8.54,8.54,16363900,2023,5,15
2023-05-16,8.46,8.6,8.2,8.24,8.24,14282700,2023,5,16
2023-05-17,8.25,8.4,8.18,8.36,8.36,15696900,2023,5,17
2023-05-18,8.37,8.45,8.18,8.34,8.34,13832200,2023,5,18
2023-05-19,8.37,8.37,8.05,8.11,8.11,15309500,2023,5,19
2023-05-20,8.37,8.37,8.05,8.11,8.11,0,2023,5,20
2023-05-21,8.37,8.37,8.05,8.11,8.11,0,2023,5,21
2023-05-22,8.11,8.35,7.97,8.1,8.1,25329300,2023,5,22
2023-05-23,8.07,8.38,8.04,8.11,8.11,17962300,2023,5,23
2023-05-24,8.06,8.15,7.85,7.99,7.99,16202300,2023,5,24
2023-05-25,8.03,8.19,7.91,8.14,8.14,17311300,2023,5,25
2023-05-26,8.12,8.44,8.12,8.38,8.38,13991200,2023,5,26
2023-05-27,8.12,8.44,8.12,8.38,8.38,0,2023,5,27
2023-05-28,8.12,8.44,8.12,8.38,8.38,0,2023,5,28
2023-05-29,8.12,8.44,8.12,8.38,8.38,0,2023,5,29
2023-05-30,8.5,8.97,8.36,8.93,8.93,24200800,2023,5,30
2023-05-31,8.82,9.09,8.73,9.02,9.02,15241500,2023,5,31
2023-06-01,8.99,9.55,8.94,9.36,9.36,15488100,2023,6,1
2023-06-02,9.53,9.65,9.26,9.58,9.58,15933800,2023,6,2
2023-06-03,9.53,9.65,9.26,9.58,9.58,0,2023,6,3
2023-06-04,9.53,9.65,9.26,9.58,9.58,0,2023,6,4
2023-06-05,9.56,9.85,9.44,9.72,9.72,11619200,2023,6,5
2023-06-06,9.71,10.49,9.66,10.34,10.34,19310300,2023,6,6
2023-06-07,10.42,10.69,10.17,10.3,10.3,12658700,2023,6,7
2023-06-08,10.3,10.65,10.17,10.6,10.6,11407300,2023,6,8
2023-06-09,10.66,11.08,10.42,10.45,10.45,11446600,2023,6,9
2023-06-10,10.66,11.08,10.42,10.45,10.45,0,2023,6,10
2023-06-11,10.66,11.08,10.42,10.45,10.45,0,2023,6,11
2023-06-12,10.53,10.77,10.44,10.45,10.45,9988400,2023,6,12
2023-06-13,10.63,10.92,10.49,10.69,10.69,10709500,2023,6,13
2023-06-14,10.73,10.82,10.23,10.39,10.39,12428900,2023,6,14
2023-06-15,10.24,10.79,10.18,10.55,10.55,17685900,2023,6,15
2023-06-16,10.58,10.61,10.23,10.26,10.26,14354100,2023,6,16
2023-06-17,10.58,10.61,10.23,10.26,10.26,0,2023,6,17
2023-06-18,10.58,10.61,10.23,10.26,10.26,0,2023,6,18
2023-06-19,10.58,10.61,10.23,10.26,10.26,0,2023,6,19
2023-06-20,10.23,10.31,9.71,9.75,9.75,18006200,2023,6,20
2023-06-21,9.73,9.89,9.44,9.72,9.72,11958300,2023,6,21
2023-06-22,9.69,10.36,9.63,10.3,10.3,15307100,2023,6,22
2023-06-23,10.17,10.31,9.94,10.1,10.1,13049100,2023,6,23
2023-06-24,10.17,10.31,9.94,10.1,10.1,0,2023,6,24
2023-06-25,10.17,10.31,9.94,10.1,10.1,0,2023,6,25
2023-06-26,10.08,10.33,9.92,9.94,9.94,8581800,2023,6,26
2023-06-27,10.04,10.15,9.81,9.85,9.85,10373600,2023,6,27
2023-06-28,9.86,10.46,9.85,10.45,10.45,17942100,2023,6,28
2023-06-29,10.34,10.56,9.71,9.84,9.84,22497400,2023,6,29
2023-06-30,9.97,10.1,9.57,9.59,9.59,18473600,2023,6,30
2023-07-01,9.97,10.1,9.57,9.59,9.59,0,2023,7,1
2023-07-02,9.97,10.1,9.57,9.59,9.59,0,2023,7,2
2023-07-03,9.63,10.17,9.62,10.14,10.14,10071500,2023,7,3
2023-07-04,9.63,10.17,9.62,10.14,10.14,0,2023,7,4
2023-07-05,10.02,10.23,10.0,10.19,10.19,10029400,2023,7,5
2023-07-06,10.02,10.04,9.44,9.56,9.56,17128500,2023,7,6
2023-07-07,9.54,10.21,9.53,10.11,10.11,18365100,2023,7,7
2023-07-08,9.54,10.21,9.53,10.11,10.11,0,2023,7,8
2023-07-09,9.54,10.21,9.53,10.11,10.11,0,2023,7,9
2023-07-10,10.08,11.3,10.04,11.02,11.02,27956900,2023,7,10
2023-07-11,11.04,11.98,11.02,11.55,11.55,22134500,2023,7,11
2023-07-12,11.81,11.97,11.39,11.44,11.44,15606300,2023,7,12
2023-07-13,11.52,11.65,11.22,11.55,11.55,12634100,2023,7,13
2023-07-14,11.58,11.79,11.15,11.3,11.3,9721300,2023,7,14
2023-07-15,11.58,11.79,11.15,11.3,11.3,0,2023,7,15
2023-07-16,11.58,11.79,11.15,11.3,11.3,0,2023,7,16
2023-07-17,11.3,11.64,11.26,11.48,11.48,8774200,2023,7,17
2023-07-18,11.54,11.82,11.49,11.77,11.77,9580400,2023,7,18
2023-07-19,11.98,12.48,11.85,12.18,12.18,16739600,2023,7,19
2023-07-20,11.93,11.98,11.27,11.42,11.42,16709300,2023,7,20
2023-07-21,11.47,11.56,11.12,11.42,11.42,12773800,2023,7,21
2023-07-22,11.47,11.56,11.12,11.42,11.42,0,2023,7,22
2023-07-23,11.47,11.56,11.12,11.42,11.42,0,2023,7,23
2023-07-24,11.5,11.72,11.39,11.67,11.67,9208500,2023,7,24
2023-07-25,11.78,11.9,11.52,11.56,11.56,12431500,2023,7,25
2023-07-26,11.55,12.22,11.45,12.2,12.2,12987300,2023,7,26
2023-07-27,12.37,12.79,11.9,11.95,11.95,20057200,2023,7,27
2023-07-28,12.16,12.52,12.07,12.48,12.48,15680000,2023,7,28
2023-07-29,12.16,12.52,12.07,12.48,12.48,0,2023,7,29
2023-07-30,12.16,12.52,12.07,12.48,12.48,0,2023,7,30
2023-07-31,12.52,12.78,12.37,12.71,12.71,15027600,2023,7,31
2023-08-01,12.37,12.54,11.75,12.23,12.23,18071200,2023,8,1
2023-08-02,11.98,12.4,11.64,11.71,11.71,13357500,2023,8,2
2023-08-03,11.59,11.8,11.49,11.51,11.51,10692800,2023,8,3
2023-08-04,11.53,11.69,10.79,10.85,10.85,15632200,2023,8,4
2023-08-05,11.53,11.69,10.79,10.85,10.85,0,2023,8,5
2023-08-06,11.53,11.69,10.79,10.85,10.85,0,2023,8,6
2023-08-07,10.85,11.06,10.66,10.97,10.97,14484300,2023,8,7
2023-08-08,10.73,11.61,10.71,11.56,11.56,37913800,2023,8,8
2023-08-09,10.97,11.52,10.38,10.4,10.4,43166600,2023,8,9
2023-08-10,10.49,11.18,10.33,11.04,11.04,25048200,2023,8,10
2023-08-11,10.86,11.47,10.72,11.38,11.38,20160000,2023,8,11
2023-08-12,10.86,11.47,10.72,11.38,11.38,0,2023,8,12
2023-08-13,10.86,11.47,10.72,11.38,11.38,0,2023,8,13
2023-08-14,11.42,11.77,11.32,11.64,11.64,18108400,2023,8,14
2023-08-15,12.02,12.51,11.87,12.08,12.08,25566500,2023,8,15
2023-08-16,12.05,12.27,11.34,11.36,11.36,13707800,2023,8,16
2023-08-17,11.41,11.58,11.01,11.06,11.06,10242300,2023,8,17
2023-08-18,10.85,11.26,10.73,11.13,11.13,10816900,2023,8,18
2023-08-19,10.85,11.26,10.73,11.13,11.13,0,2023,8,19
2023-08-20,10.85,11.26,10.73,11.13,11.13,0,2023,8,20
2023-08-21,11.15,11.21,10.75,11.1,11.1,13926700,2023,8,21
2023-08-22,11.19,11.39,10.8,10.81,10.81,10796100,2023,8,22
2023-08-23,10.67,10.82,10.64,10.72,10.72,11402900,2023,8,23
2023-08-24,10.74,10.91,10.54,10.58,10.58,13467100,2023,8,24
2023-08-25,10.55,10.59,10.14,10.22,10.22,16291500,2023,8,25
2023-08-26,10.55,10.59,10.14,10.22,10.22,0,2023,8,26
2023-08-27,10.55,10.59,10.14,10.22,10.22,0,2023,8,27
2023-08-28,10.25,10.37,10.22,10.28,10.28,9898700,2023,8,28
2023-08-29,10.26,10.77,10.19,10.77,10.77,10616600,2023,8,29
2023-08-30,10.95,11.75,10.91,11.68,11.68,26174500,2023,8,30
2023-08-31,11.69,11.9,11.52,11.78,11.78,13599100,2023,8,31
2023-09-01,11.91,12.44,11.9,12.34,12.34,16235300,2023,9,1
2023-09-02,11.91,12.44,11.9,12.34,12.34,0,2023,9,2
2023-09-03,11.91,12.44,11.9,12.34,12.34,0,2023,9,3
2023-09-04,11.91,12.44,11.9,12.34,12.34,0,2023,9,4
2023-09-05,12.21,12.42,11.78,11.84,11.84,14103000,2023,9,5
2023-09-06,11.72,11.92,10.93,10.97,10.97,16398500,2023,9,6
2023-09-07,10.78,10.87,10.56,10.79,10.79,12501000,2023,9,7
2023-09-08,10.71,10.93,10.62,10.82,10.82,9623900,2023,9,8
2023-09-09,10.71,10.93,10.62,10.82,10.82,0,2023,9,9
2023-09-10,10.71,10.93,10.62,10.82,10.82,0,2023,9,10
2023-09-11,10.99,11.38,10.96,11.33,11.33,9992400,2023,9,11
2023-09-12,11.27,11.66,11.2,11.42,11.42,8311000,2023,9,12
2023-09-13,11.45,11.54,11.22,11.27,11.27,7178500,2023,9,13
2023-09-14,11.47,11.56,11.27,11.34,11.34,8667100,2023,9,14
2023-09-15,11.24,11.43,11.18,11.28,11.28,9550800,2023,9,15
2023-09-16,11.24,11.43,11.18,11.28,11.28,0,2023,9,16
2023-09-17,11.24,11.43,11.18,11.28,11.28,0,2023,9,17
2023-09-18,11.05,11.14,10.82,10.83,10.83,10259200,2023,9,18
2023-09-19,10.83,11.22,10.63,11.19,11.19,8818100,2023,9,19
2023-09-20,11.3,11.3,10.66,10.68,10.68,9780200,2023,9,20
2023-09-21,10.58,10.64,10.31,10.33,10.33,9523700,2023,9,21
2023-09-22,10.45,10.49,9.9,9.94,9.94,10951100,2023,9,22
2023-09-23,10.45,10.49,9.9,9.94,9.94,0,2023,9,23
2023-09-24,10.45,10.49,9.9,9.94,9.94,0,2023,9,24
2023-09-25,9.86,9.98,9.72,9.78,9.78,11326300,2023,9,25
2023-09-26,9.77,10.15,9.73,9.92,9.92,14620900,2023,9,26
2023-09-27,9.95,10.44,9.95,10.32,10.32,15807800,2023,9,27
2023-09-28,10.32,10.59,10.17,10.51,10.51,9141800,2023,9,28
2023-09-29,10.68,10.84,10.4,10.54,10.54,8455900,2023,9,29
2023-09-30,10.68,10.84,10.4,10.54,10.54,0,2023,9,30
2023-10-01,10.68,10.84,10.4,10.54,10.54,0,2023,10,1
2023-10-02,10.51,10.65,10.38,10.51,10.51,5391700,2023,10,2
2023-10-03,10.41,10.62,9.99,10.07,10.07,7227500,2023,10,3
2023-10-04,10.13,10.25,9.95,10.22,10.22,7355500,2023,10,4
2023-10-05,10.24,10.35,9.97,10.25,10.25,6648700,2023,10,5
2023-10-06,10.17,11.15,10.15,11.09,11.09,14027000,2023,10,6
2023-10-07,10.17,11.15,10.15,11.09,11.09,0,2023,10,7
2023-10-08,10.17,11.15,10.15,11.09,11.09,0,2023,10,8
2023-10-09,10.81,11.11,10.75,10.99,10.99,8656400,2023,10,9
2023-10-10,11.09,11.53,11.09,11.18,11.18,9438800,2023,10,10
2023-10-11,11.24,11.68,11.18,11.37,11.37,7991800,2023,10,11
2023-10-12,11.37,11.37,10.61,10.66,10.66,12424600,2023,10,12
2023-10-13,10.62,10.83,10.02,10.07,10.07,11452900,2023,10,13
2023-10-14,10.62,10.83,10.02,10.07,10.07,0,2023,10,14
2023-10-15,10.62,10.83,10.02,10.07,10.07,0,2023,10,15
2023-10-16,10.02,10.62,10.02,10.54,10.54,11836100,2023,10,16
2023-10-17,10.42,10.93,10.4,10.82,10.82,11534200,2023,10,17
2023-10-18,10.74,10.78,10.18,10.31,10.31,12404900,2023,10,18
2023-10-19,10.38,10.55,10.09,10.09,10.09,12655200,2023,10,19
2023-10-20,10.05,10.26,9.82,10.1,10.1,14267300,2023,10,20
2023-10-21,10.05,10.26,9.82,10.1,10.1,0,2023,10,21
2023-10-22,10.05,10.26,9.82,10.1,10.1,0,2023,10,22
2023-10-23,9.95,10.35,9.8,9.99,9.99,9408400,2023,10,23
2023-10-24,10.15,10.39,10.01,10.33,10.33,10083300,2023,10,24
2023-10-25,10.2,10.25,9.73,9.79,9.79,13451700,2023,10,25
2023-10-26,9.8,9.81,9.23,9.43,9.43,13327900,2023,10,26
2023-10-27,9.58,9.7,9.25,9.26,9.26,10621900,2023,10,27
2023-10-28,9.58,9.7,9.25,9.26,9.26,0,2023,10,28
2023-10-29,9.58,9.7,9.25,9.26,9.26,0,2023,10,29
2023-10-30,9.4,9.54,9.29,9.43,9.43,7443300,2023,10,30
2023-10-31,8.98,9.49,8.94,9.17,9.17,14334500,2023,10,31
2023-11-01,9.16,9.27,8.85,9.17,9.17,13732700,2023,11,1
2023-11-02,9.57,10.04,9.54,9.94,9.94,20876100,2023,11,2
2023-11-03,10.12,10.74,10.11,10.66,10.66,16481300,2023,11,3
2023-11-04,10.12,10.74,10.11,10.66,10.66,0,2023,11,4
2023-11-05,10.12,10.74,10.11,10.66,10.66,0,2023,11,5
2023-11-06,10.71,10.76,10.27,10.53,10.53,13069700,2023,11,6
2023-11-07,10.59,10.87,10.32,10.83,10.83,16993200,2023,11,7
2023-11-08,10.74,10.95,10.62,10.72,10.72,20807300,2023,11,8
2023-11-09,10.4,10.89,9.94,10.08,10.08,24914900,2023,11,9
2023-11-10,10.2,10.75,10.15,10.26,10.26,21080700,2023,11,10
2023-11-11,10.2,10.75,10.15,10.26,10.26,0,2023,11,11
2023-11-12,10.2,10.75,10.15,10.26,10.26,0,2023,11,12
2023-11-13,10.13,10.35,9.69,9.77,9.77,20454600,2023,11,13
2023-11-14,10.16,10.73,10.15,10.51,10.51,22848000,2023,11,14
2023-11-15,10.52,11.09,10.52,10.86,10.86,15184700,2023,11,15
2023-11-16,10.79,10.81,10.25,10.4,10.4,12758200,2023,11,16
2023-11-17,10.41,10.75,10.27,10.58,10.58,10386000,2023,11,17
2023-11-18,10.41,10.75,10.27,10.58,10.58,0,2023,11,18
2023-11-19,10.41,10.75,10.27,10.58,10.58,0,2023,11,19
2023-11-20,10.5,10.55,10.08,10.39,10.39,26706700,2023,11,20
2023-11-21,10.3,10.4,10.15,10.38,10.38,12037800,2023,11,21
2023-11-22,10.45,10.59,10.27,10.29,10.29,11148700,2023,11,22
2023-11-23,10.45,10.59,10.27,10.29,10.29,0,2023,11,23
2023-11-24,10.27,10.32,9.93,10.27,10.27,6774300,2023,11,24
2023-11-25,10.27,10.32,9.93,10.27,10.27,0,2023,11,25
2023-11-26,10.27,10.32,9.93,10.27,10.27,0,2023,11,26
2023-11-27,10.21,10.34,10.1,10.25,10.25,14322700,2023,11,27
2023-11-28,10.22,11.3,10.2,11.26,11.26,28947800,2023,11,28
2023-11-29,11.4,12.04,11.36,11.63,11.63,25543200,2023,11,29
2023-11-30,11.79,11.82,11.43,11.73,11.73,15116200,2023,11,30
2023-12-01,11.76,13.38,11.57,13.14,13.14,32254200,2023,12,1
2023-12-02,11.76,13.38,11.57,13.14,13.14,0,2023,12,2
2023-12-03,11.76,13.38,11.57,13.14,13.14,0,2023,12,3
2023-12-04,12.84,13.25,12.63,12.66,12.66,18518900,2023,12,4
2023-12-05,12.55,12.77,12.21,12.24,12.24,16073100,2023,12,5
2023-12-06,12.47,12.51,12.12,12.21,12.21,13831100,2023,12,6
2023-12-07,12.36,12.51,11.93,12.43,12.43,12946400,2023,12,7
2023-12-08,12.31,13.27,12.27,13.21,13.21,22639200,2023,12,8
2023-12-09,12.31,13.27,12.27,13.21,13.21,0,2023,12,9
2023-12-10,12.31,13.27,12.27,13.21,13.21,0,2023,12,10
2023-12-11,13.21,14.41,13.11,14.36,14.36,25367500,2023,12,11
2023-12-12,14.28,14.71,13.86,13.97,13.97,21491100,2023,12,12
2023-12-13,14.01,14.75,13.88,14.67,14.67,21476100,2023,12,13
2023-12-14,15.0,15.42,14.77,15.23,15.23,20155800,2023,12,14
2023-12-15,15.29,15.75,15.08,15.55,15.55,18942800,2023,12,15
2023-12-16,15.29,15.75,15.08,15.55,15.55,0,2023,12,16
2023-12-17,15.29,15.75,15.08,15.55,15.55,0,2023,12,17
2023-12-18,15.51,15.94,15.34,15.64,15.64,12992900,2023,12,18
2023-12-19,15.08,15.31,14.31,15.07,15.07,26826400,2023,12,19
2023-12-20,14.92,15.77,14.76,15.06,15.06,17712900,2023,12,20
2023-12-21,15.42,15.6,15.23,15.59,15.59,13253700,2023,12,21
2023-12-22,15.71,15.71,15.14,15.35,15.35,12771100,2023,12,22
2023-12-23,15.71,15.71,15.14,15.35,15.35,0,2023,12,23
2023-12-24,15.71,15.71,15.14,15.35,15.35,0,2023,12,24
2023-12-25,15.71,15.71,15.14,15.35,15.35,0,2023,12,25
2023-12-26,15.41,15.43,15.16,15.32,15.32,5878300,2023,12,26
2023-12-27,15.39,15.53,15.19,15.22,15.22,9892100,2023,12,27
2023-12-28,15.14,15.66,15.09,15.54,15.54,9131400,2023,12,28
2023-12-29,14.9,15.25,14.73,14.99,14.99,14010600,2023,12,29
